/*
Navicat MySQL Data Transfer

Source Server         : 本地
Source Server Version : 50624
Source Host           : localhost:3306
Source Database       : weibo

Target Server Type    : MYSQL
Target Server Version : 50624
File Encoding         : 65001

Date: 2018-04-13 20:11:21
*/

SET FOREIGN_KEY_CHECKS=0;

-- ----------------------------
-- Table structure for `collection`
-- ----------------------------
DROP TABLE IF EXISTS `collection`;
CREATE TABLE `collection` (
  `collectionId` int(11) NOT NULL AUTO_INCREMENT,
  `collectTime` datetime DEFAULT NULL,
  `collectedTwitterId` int(11) DEFAULT NULL,
  `userId` int(11) DEFAULT NULL,
  PRIMARY KEY (`collectionId`)
) ENGINE=InnoDB AUTO_INCREMENT=7 DEFAULT CHARSET=utf8mb4;

-- ----------------------------
-- Records of collection
-- ----------------------------
INSERT INTO `collection` VALUES ('1', '2017-05-12 19:46:41', '16', '1');
INSERT INTO `collection` VALUES ('2', '2017-05-12 22:52:37', '10', '1');
INSERT INTO `collection` VALUES ('4', '2017-05-14 00:16:09', '20', '1');
INSERT INTO `collection` VALUES ('6', '2017-05-14 00:22:23', '17', '1');

-- ----------------------------
-- Table structure for `comment`
-- ----------------------------
DROP TABLE IF EXISTS `comment`;
CREATE TABLE `comment` (
  `commentId` int(11) NOT NULL AUTO_INCREMENT,
  `commentTime` datetime DEFAULT NULL,
  `content` varchar(255) DEFAULT NULL,
  `fromUserId` int(11) DEFAULT NULL,
  `isRead` int(11) DEFAULT NULL,
  `toUserId` int(11) DEFAULT NULL,
  `twitterId` int(11) DEFAULT NULL,
  `twitterUserId` int(11) DEFAULT NULL,
  PRIMARY KEY (`commentId`)
) ENGINE=InnoDB AUTO_INCREMENT=24 DEFAULT CHARSET=utf8mb4;

-- ----------------------------
-- Records of comment
-- ----------------------------
INSERT INTO `comment` VALUES ('1', '2017-05-12 18:38:07', '干得漂亮！', '1', '0', '6', '4', '6');
INSERT INTO `comment` VALUES ('2', '2017-05-13 13:59:29', '我！！！！', '112', '1', '1', '13', '1');
INSERT INTO `comment` VALUES ('4', '2017-05-13 14:00:36', '马叔正解！！！！', '112', '0', '9', '14', '9');
INSERT INTO `comment` VALUES ('5', '2017-05-13 14:00:49', '周一见', '112', '0', '2', '11', '2');
INSERT INTO `comment` VALUES ('7', '2017-05-13 15:49:14', '抱抱~', '1', '0', '2', '11', '2');
INSERT INTO `comment` VALUES ('8', '2017-05-13 15:49:28', '报告主席，他们都是抄的', '1', '0', '8', '10', '8');
INSERT INTO `comment` VALUES ('9', '2017-05-13 15:49:43', '兄弟不要哭', '1', '1', '4', '2', '4');
INSERT INTO `comment` VALUES ('10', '2017-05-13 16:58:46', '加油哦', '1', '0', '2', '11', '2');
INSERT INTO `comment` VALUES ('11', '2017-05-13 16:58:54', '你是我永远的偶像！', '1', '0', '2', '11', '2');
INSERT INTO `comment` VALUES ('12', '2017-05-13 17:08:52', '哈哈', '1', '1', '1', '18', '1');
INSERT INTO `comment` VALUES ('13', '2017-05-13 17:09:02', '帅死自己了', '1', '1', '1', '18', '1');
INSERT INTO `comment` VALUES ('14', '2017-05-13 17:09:20', '小迷妹们快来关注我', '1', '1', '1', '18', '1');
INSERT INTO `comment` VALUES ('15', '2017-05-13 17:09:29', '嘻嘻', '1', '1', '1', '18', '1');
INSERT INTO `comment` VALUES ('16', '2017-05-13 17:23:04', '帅', '111', '1', '1', '18', '1');
INSERT INTO `comment` VALUES ('17', '2017-05-13 17:23:21', '约跑还是约炮啊', '111', '1', '1', '13', '1');
INSERT INTO `comment` VALUES ('18', '2017-05-14 12:35:42', '荣幸至极~~~', '114', '0', '113', '17', '113');
INSERT INTO `comment` VALUES ('19', '2017-05-14 12:36:12', '于晏最帅！！！', '114', '1', '1', '18', '1');
INSERT INTO `comment` VALUES ('20', '2017-05-14 12:37:45', '666', '114', '1', '1', '18', '1');
INSERT INTO `comment` VALUES ('21', '2017-05-14 12:38:22', '不回复？？？', '114', '1', '1', '18', '1');
INSERT INTO `comment` VALUES ('22', '2017-05-14 12:38:26', '取关', '114', '1', '1', '18', '1');
INSERT INTO `comment` VALUES ('23', '2017-05-14 12:39:01', '祝福', '114', '0', '3', '1', '3');

-- ----------------------------
-- Table structure for `commentat`
-- ----------------------------
DROP TABLE IF EXISTS `commentat`;
CREATE TABLE `commentat` (
  `commentAtId` int(11) NOT NULL AUTO_INCREMENT,
  `commentId` int(11) DEFAULT NULL,
  `isRead` int(11) DEFAULT NULL,
  `twitterId` int(11) DEFAULT NULL,
  `userId` int(11) DEFAULT NULL,
  PRIMARY KEY (`commentAtId`)
) ENGINE=InnoDB DEFAULT CHARSET=utf8mb4;

-- ----------------------------
-- Records of commentat
-- ----------------------------

-- ----------------------------
-- Table structure for `conversation`
-- ----------------------------
DROP TABLE IF EXISTS `conversation`;
CREATE TABLE `conversation` (
  `conversationId` int(11) NOT NULL AUTO_INCREMENT,
  `friendUserId` int(11) DEFAULT NULL,
  `userId` int(11) DEFAULT NULL,
  PRIMARY KEY (`conversationId`)
) ENGINE=InnoDB AUTO_INCREMENT=35 DEFAULT CHARSET=utf8mb4;

-- ----------------------------
-- Records of conversation
-- ----------------------------
INSERT INTO `conversation` VALUES ('1', '1', '4');
INSERT INTO `conversation` VALUES ('2', '4', '1');
INSERT INTO `conversation` VALUES ('19', '1', '111');
INSERT INTO `conversation` VALUES ('20', '111', '1');
INSERT INTO `conversation` VALUES ('21', '2', '1');
INSERT INTO `conversation` VALUES ('22', '1', '2');
INSERT INTO `conversation` VALUES ('23', '5', '1');
INSERT INTO `conversation` VALUES ('24', '1', '5');
INSERT INTO `conversation` VALUES ('27', '7', '1');
INSERT INTO `conversation` VALUES ('28', '1', '7');
INSERT INTO `conversation` VALUES ('29', '1', '8');
INSERT INTO `conversation` VALUES ('30', '8', '1');
INSERT INTO `conversation` VALUES ('31', '1', '3');
INSERT INTO `conversation` VALUES ('32', '3', '1');
INSERT INTO `conversation` VALUES ('33', '1', '6');
INSERT INTO `conversation` VALUES ('34', '6', '1');

-- ----------------------------
-- Table structure for `forward`
-- ----------------------------
DROP TABLE IF EXISTS `forward`;
CREATE TABLE `forward` (
  `forwarId` int(11) NOT NULL AUTO_INCREMENT,
  `forwardTime` datetime DEFAULT NULL,
  `twitterId` int(11) DEFAULT NULL,
  `userId` int(11) DEFAULT NULL,
  PRIMARY KEY (`forwarId`)
) ENGINE=InnoDB DEFAULT CHARSET=utf8mb4;

-- ----------------------------
-- Records of forward
-- ----------------------------

-- ----------------------------
-- Table structure for `message`
-- ----------------------------
DROP TABLE IF EXISTS `message`;
CREATE TABLE `message` (
  `messageId` int(11) NOT NULL AUTO_INCREMENT,
  `content` varchar(255) DEFAULT NULL,
  `fromUserId` int(11) DEFAULT NULL,
  `isDeleted` int(11) DEFAULT NULL,
  `isRead` int(11) DEFAULT NULL,
  `sendTime` datetime DEFAULT NULL,
  `toUserId` int(11) DEFAULT NULL,
  PRIMARY KEY (`messageId`)
) ENGINE=InnoDB AUTO_INCREMENT=40 DEFAULT CHARSET=utf8mb4;

-- ----------------------------
-- Records of message
-- ----------------------------
INSERT INTO `message` VALUES ('1', '强哥', '1', '0', '2', '2017-05-13 16:09:48', '4');
INSERT INTO `message` VALUES ('2', '咋地 兄弟', '4', '0', '2', '2017-05-13 16:10:43', '1');
INSERT INTO `message` VALUES ('3', '没有 就是想关心下你', '1', '0', '2', '2017-05-13 16:11:04', '4');
INSERT INTO `message` VALUES ('4', '最近还好吧', '1', '0', '2', '2017-05-13 16:11:11', '4');
INSERT INTO `message` VALUES ('5', '还好 就是媳妇和别人跑了', '4', '0', '2', '2017-05-13 16:11:26', '1');
INSERT INTO `message` VALUES ('6', '唉 你还想着这事啊', '1', '0', '2', '2017-05-13 16:11:53', '4');
INSERT INTO `message` VALUES ('7', '走 我请你喝酒去', '1', '0', '2', '2017-05-13 16:12:01', '4');
INSERT INTO `message` VALUES ('8', '不了不了 我想静静', '4', '0', '2', '2017-05-13 16:12:13', '1');
INSERT INTO `message` VALUES ('23', '儿子', '1', '0', '2', '2017-05-13 16:40:10', '111');
INSERT INTO `message` VALUES ('24', '爸爸', '111', '0', '2', '2017-05-13 16:40:19', '1');
INSERT INTO `message` VALUES ('25', 'hello', '2', '0', '1', '2017-05-13 16:40:45', '1');
INSERT INTO `message` VALUES ('26', '帅哥', '5', '0', '1', '2017-05-13 16:42:43', '1');
INSERT INTO `message` VALUES ('27', '一起去游泳吗', '5', '0', '1', '2017-05-13 16:42:48', '1');
INSERT INTO `message` VALUES ('29', '作业写好了吗', '7', '0', '2', '2017-05-13 16:52:02', '1');
INSERT INTO `message` VALUES ('30', '马上马上', '1', '0', '2', '2017-05-13 16:52:54', '7');
INSERT INTO `message` VALUES ('31', '垃圾', '7', '0', '2', '2017-05-13 16:53:10', '1');
INSERT INTO `message` VALUES ('32', '主席大人', '1', '0', '0', '2017-05-13 16:53:44', '8');
INSERT INTO `message` VALUES ('33', '能和你合个影吗', '1', '0', '0', '2017-05-13 16:53:58', '8');
INSERT INTO `message` VALUES ('34', '说谎', '1', '0', '0', '2017-05-13 16:54:40', '3');
INSERT INTO `message` VALUES ('35', '浪费', '1', '0', '0', '2017-05-13 16:54:42', '3');
INSERT INTO `message` VALUES ('36', '你的歌我都很喜欢', '1', '0', '0', '2017-05-13 16:54:50', '3');
INSERT INTO `message` VALUES ('37', '老哥', '1', '0', '0', '2017-05-13 16:55:23', '6');
INSERT INTO `message` VALUES ('38', 'zai ma?', '111', '0', '2', '2017-05-14 17:23:55', '1');
INSERT INTO `message` VALUES ('39', 'bu zai', '1', '0', '2', '2017-05-14 17:24:14', '111');

-- ----------------------------
-- Table structure for `searchrecord`
-- ----------------------------
DROP TABLE IF EXISTS `searchrecord`;
CREATE TABLE `searchrecord` (
  `searchRecordId` int(11) NOT NULL AUTO_INCREMENT,
  `searchKey` varchar(255) DEFAULT NULL,
  `userId` int(11) DEFAULT NULL,
  PRIMARY KEY (`searchRecordId`)
) ENGINE=InnoDB AUTO_INCREMENT=10 DEFAULT CHARSET=utf8mb4;

-- ----------------------------
-- Records of searchrecord
-- ----------------------------
INSERT INTO `searchrecord` VALUES ('1', 'a\'a\'a', '1');
INSERT INTO `searchrecord` VALUES ('2', 'x\'x', '1');
INSERT INTO `searchrecord` VALUES ('3', '?', '1');
INSERT INTO `searchrecord` VALUES ('4', 'aaa', '1');
INSERT INTO `searchrecord` VALUES ('5', '邓超', '1');
INSERT INTO `searchrecord` VALUES ('6', 'a', '1');
INSERT INTO `searchrecord` VALUES ('7', '1', '1');
INSERT INTO `searchrecord` VALUES ('8', '??', '1');
INSERT INTO `searchrecord` VALUES ('9', '???', '118');

-- ----------------------------
-- Table structure for `thumbsup`
-- ----------------------------
DROP TABLE IF EXISTS `thumbsup`;
CREATE TABLE `thumbsup` (
  `thumbsupId` int(11) NOT NULL AUTO_INCREMENT,
  `isRead` int(11) DEFAULT NULL,
  `thumbsupTime` datetime DEFAULT NULL,
  `thumbsupedUserId` int(11) DEFAULT NULL,
  `twitterId` int(11) DEFAULT NULL,
  `userId` int(11) DEFAULT NULL,
  PRIMARY KEY (`thumbsupId`)
) ENGINE=InnoDB AUTO_INCREMENT=15 DEFAULT CHARSET=utf8mb4;

-- ----------------------------
-- Records of thumbsup
-- ----------------------------
INSERT INTO `thumbsup` VALUES ('1', '1', '2017-05-12 18:49:49', '7', '7', '1');
INSERT INTO `thumbsup` VALUES ('2', '0', '2017-05-12 19:46:43', '111', '16', '1');
INSERT INTO `thumbsup` VALUES ('4', '1', '2017-05-13 14:00:10', '1', '13', '112');
INSERT INTO `thumbsup` VALUES ('5', '0', '2017-05-13 14:01:41', '7', '7', '112');
INSERT INTO `thumbsup` VALUES ('8', '0', '2017-05-13 14:02:50', '5', '3', '112');
INSERT INTO `thumbsup` VALUES ('9', '1', '2017-05-13 14:09:49', '113', '17', '113');
INSERT INTO `thumbsup` VALUES ('10', '0', '2017-05-13 14:10:33', '113', '17', '1');
INSERT INTO `thumbsup` VALUES ('12', '1', '2017-05-13 15:51:57', '1', '13', '1');
INSERT INTO `thumbsup` VALUES ('13', '1', '2017-05-13 17:08:48', '1', '18', '1');
INSERT INTO `thumbsup` VALUES ('14', '0', '2017-05-14 12:38:27', '5', '3', '114');

-- ----------------------------
-- Table structure for `twitter`
-- ----------------------------
DROP TABLE IF EXISTS `twitter`;
CREATE TABLE `twitter` (
  `twitterId` int(11) NOT NULL AUTO_INCREMENT,
  `publicTime` datetime DEFAULT NULL,
  `textContent` varchar(255) DEFAULT NULL,
  `twitterVideoUrl` varchar(255) DEFAULT NULL,
  `userId` int(11) DEFAULT NULL,
  `userNickname` varchar(255) DEFAULT NULL,
  PRIMARY KEY (`twitterId`)
) ENGINE=InnoDB AUTO_INCREMENT=26 DEFAULT CHARSET=utf8mb4;

-- ----------------------------
-- Records of twitter
-- ----------------------------
INSERT INTO `twitter` VALUES ('1', '2017-05-12 18:22:28', '她说好。', null, '3', '林宥嘉');
INSERT INTO `twitter` VALUES ('2', '2017-05-12 18:22:52', '刚买了顶帽子，媳妇看了说不错', null, '4', '王宝强');
INSERT INTO `twitter` VALUES ('3', '2017-05-12 18:26:51', '看我一指禅的厉害！！', null, '5', '白百何');
INSERT INTO `twitter` VALUES ('4', '2017-05-12 18:34:16', '我要。这铁棒有何用', null, '6', '陈羽凡');
INSERT INTO `twitter` VALUES ('7', '2017-05-12 18:47:50', '这网站真是菜得抠脚', null, '7', '赖学委');
INSERT INTO `twitter` VALUES ('9', '2017-05-12 18:54:03', '大家好，我是小微网的代言人——彭于晏。想要获取更多和我互动的机会吗？快快注册小微网哦~比♥', null, '1', '彭于晏');
INSERT INTO `twitter` VALUES ('10', '2017-05-12 18:53:48', '楼下的同学，一学一做论文写好了吗？？是不是抄的呀？？', null, '8', '习近平主席');
INSERT INTO `twitter` VALUES ('11', '2017-05-12 18:57:38', '且行且珍惜。', null, '2', '马伊琍');
INSERT INTO `twitter` VALUES ('13', '2017-05-12 19:02:24', '有一起去东区约pao的同学吗？', null, '1', '彭于晏');
INSERT INTO `twitter` VALUES ('14', '2017-05-12 19:01:45', '论老师的重要性：<br>高育良娶了吴老师，当上了书记<br>祁同伟娶了梁老师，当上了厅长<br>我娶了里吉特老师，当上了总统', null, '9', '马克龙总统');
INSERT INTO `twitter` VALUES ('16', '2017-05-12 19:19:52', '<span class=\'atPeople\'>@彭于晏</span> 好的，<span class=\'atPeople\'>@陈赫</span> 要一起吗', null, '111', '邓超');
INSERT INTO `twitter` VALUES ('17', '2017-05-13 14:07:05', '在此感谢大家对我的支持，这次很荣幸和<span class=\'atPeople\'>@Anglebaby</span> 杨老师拿到百花奖，是我的荣幸！', null, '113', null);
INSERT INTO `twitter` VALUES ('18', '2017-05-13 17:06:59', '帅就一个字', null, '1', '彭于晏');
INSERT INTO `twitter` VALUES ('19', '2017-05-13 19:46:09', '<span class=\'atPeople\'>@彭于晏</span> 小鲜肉', null, '2', '马伊琍');
INSERT INTO `twitter` VALUES ('20', '2017-05-13 19:47:07', '<span class=\'atPeople\'>@彭于晏</span> 快交作业！', null, '7', '赖学委');
INSERT INTO `twitter` VALUES ('21', '2017-05-14 12:33:20', '不知道同学们听明白我的意思没有，我讲得很清楚的。', null, '115', '万军洲');
INSERT INTO `twitter` VALUES ('22', '2017-05-14 12:34:14', '我是杨颖Anglebaby，我从今天开始，入驻小微网~我就是小微女王！快来注册吧！', null, '114', 'Anglebaby');
INSERT INTO `twitter` VALUES ('23', '2017-05-14 12:37:54', '一班的评比非常精彩。', null, '116', '梁早清');
INSERT INTO `twitter` VALUES ('24', '2017-05-14 12:39:22', '软工2班女子3人组', null, '116', '梁早清');
INSERT INTO `twitter` VALUES ('25', '2017-05-14 17:19:38', '<span class=\'atPeople\'>@赖学委</span><br> ', null, '1', '彭于晏');

-- ----------------------------
-- Table structure for `twitterat`
-- ----------------------------
DROP TABLE IF EXISTS `twitterat`;
CREATE TABLE `twitterat` (
  `twitterAtId` int(11) NOT NULL AUTO_INCREMENT,
  `isRead` int(11) DEFAULT NULL,
  `twitterId` int(11) DEFAULT NULL,
  `userId` int(11) DEFAULT NULL,
  `twitterAtTime` datetime DEFAULT NULL,
  PRIMARY KEY (`twitterAtId`)
) ENGINE=InnoDB AUTO_INCREMENT=7 DEFAULT CHARSET=utf8mb4;

-- ----------------------------
-- Records of twitterat
-- ----------------------------
INSERT INTO `twitterat` VALUES ('1', '1', '16', '1', null);
INSERT INTO `twitterat` VALUES ('2', '0', '16', null, null);
INSERT INTO `twitterat` VALUES ('3', '0', '17', null, '2017-05-13 14:07:05');
INSERT INTO `twitterat` VALUES ('4', '1', '19', '1', '2017-05-13 19:46:09');
INSERT INTO `twitterat` VALUES ('5', '1', '20', '1', '2017-05-13 19:47:07');
INSERT INTO `twitterat` VALUES ('6', '0', '25', '7', '2017-05-14 17:19:38');

-- ----------------------------
-- Table structure for `twitterpicture`
-- ----------------------------
DROP TABLE IF EXISTS `twitterpicture`;
CREATE TABLE `twitterpicture` (
  `twitterPictureId` int(11) NOT NULL AUTO_INCREMENT,
  `pictureUrl` varchar(255) DEFAULT NULL,
  `twitterId` int(11) DEFAULT NULL,
  PRIMARY KEY (`twitterPictureId`)
) ENGINE=InnoDB AUTO_INCREMENT=25 DEFAULT CHARSET=utf8mb4;

-- ----------------------------
-- Records of twitterpicture
-- ----------------------------
INSERT INTO `twitterpicture` VALUES ('1', 'http://odhh6aem6.bkt.clouddn.com/o_1bfu2siag1ftvfa31q581sjfj6q7.jpg', '1');
INSERT INTO `twitterpicture` VALUES ('2', 'http://odhh6aem6.bkt.clouddn.com/o_1bfu2tdc21v6cs72srt58un207.jpg', '2');
INSERT INTO `twitterpicture` VALUES ('3', 'http://odhh6aem6.bkt.clouddn.com/o_1bfu34m7h1ojcnus13cvtqqv7.jpg', '3');
INSERT INTO `twitterpicture` VALUES ('4', 'http://odhh6aem6.bkt.clouddn.com/o_1bfu3eeop1jc1psgp8imhq1a3t7.jpg', '4');
INSERT INTO `twitterpicture` VALUES ('5', 'http://odhh6aem6.bkt.clouddn.com/o_1bfu4b3mo6a91bvp126iini5ir7.jpg', '7');
INSERT INTO `twitterpicture` VALUES ('6', 'http://odhh6aem6.bkt.clouddn.com/o_1bfu4l1ev1fd911rq1rtsj1c18tb7.jpeg', '9');
INSERT INTO `twitterpicture` VALUES ('7', 'http://odhh6aem6.bkt.clouddn.com/o_1bfu4mfe5l2q928ljremo16nrh.jpeg', '9');
INSERT INTO `twitterpicture` VALUES ('8', 'http://odhh6aem6.bkt.clouddn.com/o_1bfu4lrmoa80jlb12k81kp457.jpg', '10');
INSERT INTO `twitterpicture` VALUES ('9', 'http://odhh6aem6.bkt.clouddn.com/o_1bg06lmbs2er1vlabb4kr5bjf7.jpg', '17');
INSERT INTO `twitterpicture` VALUES ('10', 'http://odhh6aem6.bkt.clouddn.com/o_1bg0gp4utpq7bu0kio18hgmj07.jpg', '18');
INSERT INTO `twitterpicture` VALUES ('11', 'http://odhh6aem6.bkt.clouddn.com/o_1bg0gp7gi4eq1n5lrt64tk1dc4c.jpeg', '18');
INSERT INTO `twitterpicture` VALUES ('12', 'http://odhh6aem6.bkt.clouddn.com/o_1bg0gpbks165p65gcq8ctr1vtgh.jpg', '18');
INSERT INTO `twitterpicture` VALUES ('13', 'http://odhh6aem6.bkt.clouddn.com/o_1bg0gpeb7dk5l096ug3cf14p9m.jpeg', '18');
INSERT INTO `twitterpicture` VALUES ('14', 'http://odhh6aem6.bkt.clouddn.com/o_1bg0gt3h2jhb1ja21oit10dpi9r.jpg', '18');
INSERT INTO `twitterpicture` VALUES ('15', 'http://odhh6aem6.bkt.clouddn.com/o_1bg0gt62a10fg1fnohk3155rid810.jpg', '18');
INSERT INTO `twitterpicture` VALUES ('16', 'http://odhh6aem6.bkt.clouddn.com/o_1bg0gtc14102jree3gf1fbt125415.jpg', '18');
INSERT INTO `twitterpicture` VALUES ('17', 'http://odhh6aem6.bkt.clouddn.com/o_1bg0guk9oj6s1mji8gdgtk1d1f.jpeg', '18');
INSERT INTO `twitterpicture` VALUES ('18', 'http://odhh6aem6.bkt.clouddn.com/o_1bg0guq85o0p3iu6de1rscch11k.jpeg', '18');
INSERT INTO `twitterpicture` VALUES ('19', 'http://odhh6aem6.bkt.clouddn.com/o_1bg0q4b9b1k4o16vv1vb01naa18c67.jpg', '20');
INSERT INTO `twitterpicture` VALUES ('20', 'http://odhh6aem6.bkt.clouddn.com/o_1bg2jm96v1fov1ak0mpt18gtttp7.jpg', '21');
INSERT INTO `twitterpicture` VALUES ('21', 'http://odhh6aem6.bkt.clouddn.com/o_1bg2jlu4r120rsm4gue1lll1lcv7.jpg', '22');
INSERT INTO `twitterpicture` VALUES ('22', 'http://odhh6aem6.bkt.clouddn.com/o_1bg2jv41p1pv41flu1sdu1ih2m67.jpg', '23');
INSERT INTO `twitterpicture` VALUES ('23', 'http://odhh6aem6.bkt.clouddn.com/o_1bg2k1qt816jg154h1e4tbot1ag67.jpg', '24');
INSERT INTO `twitterpicture` VALUES ('24', 'http://odhh6aem6.bkt.clouddn.com/o_1bg342v6vup5bel10pfi8410fg7.jpg', '25');

-- ----------------------------
-- Table structure for `twitterreport`
-- ----------------------------
DROP TABLE IF EXISTS `twitterreport`;
CREATE TABLE `twitterreport` (
  `twitterReportId` int(11) NOT NULL AUTO_INCREMENT,
  `fromUserId` int(11) DEFAULT NULL,
  `reason` varchar(255) DEFAULT NULL,
  `toUserId` int(11) DEFAULT NULL,
  `twitterId` int(11) DEFAULT NULL,
  PRIMARY KEY (`twitterReportId`)
) ENGINE=InnoDB DEFAULT CHARSET=utf8mb4;

-- ----------------------------
-- Records of twitterreport
-- ----------------------------

-- ----------------------------
-- Table structure for `user`
-- ----------------------------
DROP TABLE IF EXISTS `user`;
CREATE TABLE `user` (
  `userId` int(11) NOT NULL AUTO_INCREMENT,
  `activationCode` varchar(255) DEFAULT NULL,
  `activationStatus` bit(1) NOT NULL,
  `birthday` datetime DEFAULT NULL,
  `email` varchar(255) DEFAULT NULL,
  `gender` int(11) DEFAULT NULL,
  `introduction` varchar(255) DEFAULT NULL,
  `nickname` varchar(255) DEFAULT NULL,
  `password` varchar(255) DEFAULT NULL,
  `portraitUrl` longtext,
  `registerTime` datetime DEFAULT NULL,
  `userOpenId` varchar(255) DEFAULT NULL,
  PRIMARY KEY (`userId`)
) ENGINE=InnoDB AUTO_INCREMENT=119 DEFAULT CHARSET=utf8mb4;

-- ----------------------------
-- Records of user
-- ----------------------------
INSERT INTO `user` VALUES ('1', 'd615d5793929e8c7d70eab5f00f7f5f1', '', '2017-05-12 00:00:00', '1@qq.com', '0', '11111111111111', '彭于晏', '123456', 'data:image/jpeg;base64,/9j/4AAQSkZJRgABAQAAAQABAAD/2wBDAAMCAgICAgMCAgIDAwMDBAYEBAQEBAgGBgUGCQgKCgkICQkKDA8MCgsOCwkJDRENDg8QEBEQCgwSExIQEw8QEBD/2wBDAQMDAwQDBAgEBAgQCwkLEBAQEBAQEBAQEBAQEBAQEBAQEBAQEBAQEBAQEBAQEBAQEBAQEBAQEBAQEBAQEBAQEBD/wAARCABkAGQDASIAAhEBAxEB/8QAHwAAAQUBAQEBAQEAAAAAAAAAAAECAwQFBgcICQoL/8QAtRAAAgEDAwIEAwUFBAQAAAF9AQIDAAQRBRIhMUEGE1FhByJxFDKBkaEII0KxwRVS0fAkM2JyggkKFhcYGRolJicoKSo0NTY3ODk6Q0RFRkdISUpTVFVWV1hZWmNkZWZnaGlqc3R1dnd4eXqDhIWGh4iJipKTlJWWl5iZmqKjpKWmp6ipqrKztLW2t7i5usLDxMXGx8jJytLT1NXW19jZ2uHi4+Tl5ufo6erx8vP09fb3+Pn6/8QAHwEAAwEBAQEBAQEBAQAAAAAAAAECAwQFBgcICQoL/8QAtREAAgECBAQDBAcFBAQAAQJ3AAECAxEEBSExBhJBUQdhcRMiMoEIFEKRobHBCSMzUvAVYnLRChYkNOEl8RcYGRomJygpKjU2Nzg5OkNERUZHSElKU1RVVldYWVpjZGVmZ2hpanN0dXZ3eHl6goOEhYaHiImKkpOUlZaXmJmaoqOkpaanqKmqsrO0tba3uLm6wsPExcbHyMnK0tPU1dbX2Nna4uPk5ebn6Onq8vP09fb3+Pn6/9oADAMBAAIRAxEAPwD4e0Dwt4v8Tx+Rb3N9JHC+AqDhSOma66L4CeK9QijlvlvGU8gyEce3P16dBX1v8CPgZrNx/aYng8pYL1reXeh4YxRN3P8AtH869+sP2e7qCNpLlY/Lwdu77x4x/P8ApXy2Jzvkm1Tsl5HvRlKbtFH5v237M2oL5bzoVD56uP8ACtvSv2aYjKEuWKA8BkAPOTwePav0Lk/Z8094lt5JkzG42kjIAz1Hqf8A69W0+Dnh/S4pbi7kV1hi3GQR/cYFup+grjqZ3Ulpc1cJdj87/EPwX8NeEtIudRvru42W/LLlV3egHHevHdQ8TaPY3LCwsj5JyP3jBn9jwFrv/wBqH4lz6j8Rr7QPDerW0+iWMg8s2xZUdxjLHPOR09OK8GvL27n++5YAk7iOpPWvq8uwU6lNVK+tyYq71N+PxW9lepNatPsjPCOwK4zn8PWvR7b4+aXBb26XXhNbxoQW3J5UO1j1zhDu6Dkj2968ONxNnLsdv60faZEJO/Oe/evSqZdQq/EinTTPrH4U/GTwX4j8Qx2F3Zy6XezyKkIaSNmcnj5MptY4AGDgnPANfYll+zfJrIg1m2uLuRbhVcFWRcqVx6ccYr8ihOwdXVihU5UrwQfUV+nn/BP39rmPxJ4Z1jwX8VfEMFtceG7e3mtb24ZVE8LyiJixP8QZogT335r5rO8rqYeHt8M9Fuv8hKnFPU9dh/Zra5WKHUb25T7GgaECSMYJ4KjC5OQorRtf2YdGmlWZtXu4tqFTtlXcMnJB+XpxX0HBAnDqoZWxnIyc5PNP+zR+aSYFAPGcDFfGqtUitGaKlBdDw4/sweH5Mbb68kCgKGdY2OMepXmiveBbcZLHnpg8UVXtKv8AMw5Idjxz4MafD5usLLANkl/5ifN8x/0eEZb67a9cS0RoljRGUoSASc+9cF8LInTV9btw4zm3lCbuYwUK9Md9lenbA0Z3IRnOTnp71Khz6mUGoxSMa+tmaFWFsp2Ek9sc1xPxKutE0HwbruueINVGlabp1jJPcXCyOhVBuzynzA7iPu8816XLEMbsgqccV8x/8FDNZtdD/Zh8Trcap9hl1Vrawt3ETv5jmUSeVlQdu5Y35OBx1yRWmFwrq4iFPu0a86cT8btf1J9U1W91BpWkNzO8pYsWJ3MTkk8k1nwQTzSeXDvZzgYXv+VLbo7uVycsdoPpX6B/sm/sneHjpVh4r8T2cd3c30AljWXBChhkcH2NfpuZ5nSymipT1fRHVhcLLEtpaJbnwK2kangs1lNgd9pqBdOupG8uOCQkckbTwK/b60+Cnw8jtfIm8O6a4xggwKf6Vh3fwA+C9nqSa3b+BdLW8QELItsADxjoPlPXuK+ZXGsbPmpfidby2LlaM/wPxcmsLy25kt5EHXJWizv7uxkZraZ4i4CthsZG4HB9RkA/hX6q/Gz4K/DPVNEkhk8MWcFxsbZJFEsbA47YHr/Ovz1+Nfwti8B3cF/p277LclkKlslHB/kRXtZVn9LNH7OUeVsWKyuph6ftU7xP1m/YO+LHi340fAmy8ReLZorm6sJm0w3X2gyS3DxY3PKCBtYhlPU5B7dK+jViwTvTJUY7Gvgf/gkH4qlv/h1458GSSEjStYt9Qj5J4uIdjD0624/Ovv4hmfIOR3FfJ5jhI0MVUglon+Z4jk72IiqbiWOCewHSirOwDgKeOvGaK8/2RN0eWfDcQxeLtbgwfOSzsZXbGAwZrgD3/hr1ARAqT2+teWeALTUofF+qX6aXAi3trbISblssUeY7tu3j/WetenKt60fyxxIx9STz+lTQXulT0CZFKFAB83TJ6Gvmz/goN4RsvEv7K/i5rqzjuJ9FW31W1LZzFJHMiFxjv5Uko/E19HSw6kUJaWDA9ISc+/3hXj37V2tyeFv2fvGmpX+nW+rwzWH2FrFkKC4Fw6Qlcgls4kJGOcgV1YaTpYiE0tmvzNaEJVpqnDds/DfSbbF7FkEkOp47nNfsZ8Dre/8A+EN0aN7KRfKt41UbewUdfz/Wvzx/Z3+Dceo/tDReDfG2lXNrDpsE1/8AZJ0w7FSBGrY4OC3PbKkV7T+07q/jTSvELWdr8QoPCOgWqJBbpNcOGuZV53xW8YaR8EgbguBxzXtcQOOZ4mnhYStpe++/oe/goTw9CcpLVu33H3zMiBGSWd43HLDIUGuevrGycOZL+VznlUuAir9T+Pavyav/ANob44QXgsNO+Nmp6nbwNiPHmKpHOBtlQHt0Nex+HPjx8Q9T+G+oX2r3FwXijYSXPl7d7c4OQBjmvExPDVbDKLdRO79PzOvAzVe9m1bXyPrb4ieGbW4U3NnqMjyKTuUX0ciD/e39AO/NfDf7S8MtxpdxbyXVtcfZpQ4e3lSRPcZQkZ9a8jePxL4s1SRL3xe8RlZn/wBKvdi478E/oK0E8D6hpemX0ra5Dd2sttIZUTOY3VdyllPI/Ed69/AZTDLqkZyq3aa0tb8SamNq4ilKlye7rrc+2f8Agjxo7waN8SvEEzukNzdadZRqejNGkzt7cCRPzr9FWuYoiVXzCDwMRs38hXyN/wAEsNJ8OWn7Mz3mkXMU1/ea9dvqoRMNFOFjCRsc8nyfKfjp5mOoNfYMifOGXnd7Vx5rJ1cVUn5/lofHzfvtFFtViRiv2e5OO4t3P9KKvbYhwyDP+7miuBQl3I5o9UeeeEQE14O5AnktmcAZ+4rKMenevQUJHIO4H2rzrwzdE6/FFGnmJ9nlDPn5g2+MgfSvQY2ONoBJPb3rjwvwnRXjqLIqlSuSAeRXBfGjRTrPwz1q02RebHClzbtIAVWaJ1kjc57B1U88celd7OpCZYc5wMVn6japf2FxaSxb1midNpOQcqRg/nXRO6ehWFq+xqxqdmmfBXwl+Cnivw7480j4peOPEX23VNQ0uXT5bJ7fZLZjzEdQxH3ifnJz04HPb374ifCzTvElqNd0bwz4ZuNeVFENzqumpcDj+EnG8Dr90is/XLny9UvrpLS7WKxdFnZ4GREmw+EyQAzBVJOCcDbnqM5sn7UHguxg/soXBNxACrY65Bx2rzas8TXqqpbVLp26I+1lCpXtUoJO7bfbU8A0z9i251bxPLfeKtK8IaPbS3AuJYtHt7jc7KxPG9gE6+nevoTxD8D/AARovwI1nwza6FClqV8wAAlm2sG5P4c1h6T8btG1aTUPF+qrcQeG9CUvfTQKZJfu54RcsRwM8d/rXG+Lf+ChXwhvdHu9F0RLmawIkj8yeFo3Ix12kZ/PmuxLMcdO7Taj+DCpCdKpGmrRWjeyPm3xB+zfdaR4ng1OP4dXmuWTSi4gudM1MQrIu7cElSTIwOmFPQVp+JPgfc+Evhnrd3a6fd293fW0hWyeUTGJcHCqce4HU+gr6S+F/wAVPBd9psC22rC7029TzrOSZCrBf4hyOzZGcdvxrC+MXiG2v54LXRp47h5pFTyy/UZH5V2LMcZKrGnU+z69DsjgaalJRja639T2H/gnD4F/4Qz9nszo0gg8QavLq0MbDmNWggjKn1O6JufTFfUT8P8AK5Ax0xXB/AHw3F4S+Efh7SItxQ27XPJ6CV2kUDH8IDAD2ArvnCsc5xzzzXTVm6jc3uz85xk4yxVRra7/ADI9zjgJn64oqQGToj5HrRWKSRz3XY8z8PzCLXLJkfarpMgXP3yVVv8A2WvRI5HXDHn8a8o8Pwo+tadJP8xMzBTx8uImIOeteqREMvyk/jXm4R3jodtdajpzuUEHPPOagOOmcZqZggJ3Dv61EzYU7MZ9Ca6mm9WYpaaHDfGuxlvPhnrNzaRGSfT4ftijrlY+Xx6nZuxX54R6Ba3Q1bUdDkhjvL5ZFtJpFyscjKQCR7E8dR0r9Cfjt8U9E+C/wn8Q/EbxBaC6t9MtCI7NZAjXc8h2RQgnONzMATg4GTg4r80tD16y0+bRri+uD/Y3iOGK9s5t2fKLKrGJj6gnGfY55raFCooe1guv321PrOHMQuWdGe2/36HpnwT8P/FbwX4DudN1jwGt3aXJaZXtNUiS4kVurSCTapJ65BPvXinjb4eaNceJLvX5vC2pRDflreIW07AY/wCmcpFfbGm6VLrGgW2mzXMd7YzQjyipIZVx6r7fnXkvxB+FNhoDPOmquXbJWFRnaeuc9qWEzBe0lJqzfa59FSpUZpwqavofNmo+M7i31nw7pug2V/bwp5kMyy2bQqiADAB9eO3Fe6fsX6DP8Vfjeljr9hFqmiaBHc3V7FeRiSJ1CNHGCDkH946H/gJ9K4HxVHrF2umeEvD1sLi+1O8it7SCMAz3EzNtCgn1LBRk457V+hv7Kv7P8HwI8CSWuqGGbxNrrrdatPHyqFQfLgQ91Tc3PdmY9MAelKcHTulb+tzwM7xrw1KVGMtZfgj2yNIoI1htlWOOIBERAAqqOAAB0GBxSPIScngHvTAw3fK2Dg/z/wDrUjZJAJ6VxybPiVHUeAjDLOcn3oqJkVjllyfworPnS0K5TxzQZ7p9S06O0KptuCW6/MDE4wa9Wh3BAGHUc44rwvTNUihudPuGfPl39uPlGeSSuSfTmvarO6ZokwwYsu7jtXkUGoWuehVi22i6W+XLYIxxx09q8c/aG/ac+Gv7Ofhs6v4vvGudUuEJ07RrZg11dkZ5x/yzjyMGRuB0GTgHwn9rr/goHpvwvu5PAHwcutM1jxJC7x6pfzRtNbaedoARMELLLknPJVCuGBJIH5leNfG3iXx5rd94h8Xaxeatqd8/mT3V1IXdm/HoBwABgAcAAAV9bluRVMVariNIdur/AMjFKy0Pb/2n/wBs/wAY/tOafpuk3uhW/h/w/p07XkWmwXLTmWYqVWSVyq7iqlgoCgDe3XPHl/g7xp5ugy+BNYY+QzGTTZGPEbsctEfZicqex3D+Ljz0PImN5HoabKSw3Dp1z6f5/pX1/wDZ9H2PsYKyW3kzfD1pYefPH5+Z9H+E/wBrX4heAPDreFJM3KwjZBcMfmUDoD3J981mt+0trWt3TzanLK5OC5Lklz9K8WGoTazCIZiDdRLgkfxqP4vc+tLp1rKkwbyxlW5HtXlvKsLFOUoJS6nsxzDEXSpy0Prz9k3VNP8AFX7S3g7XvGup2dhZpevLbC5nWFPtCxP9njUsQC7TeXhRyxwBX63BzxgfWv5+fHd4YvDFiIxs825XgE9FUnP54/St/wABftZftF/Dq5tLjw58XvErW1oFWKzvtQku7QRr0TyZiyBcccAEDpiuOWTzxcFUptLpY8zNIupXvfZL/M/eYsGIz6elDEbs4z+FfHf7Hn7fmifH69g+H3j+xtdC8btGxtvs7H7HqYUbm8oMS0cgUEmMlsgEg9h9elhI5wcY96+fr0amGqOlVjZnm8tiRpVU4IH5UVG0ltFhXdQcZ60VlyS7oVz4V/Zh8ba94s+GGj6zr00dzeJrcFoZGX78YugBu56gHGfQD60//gov8XPHHw/8D6F4S8Har/ZVt4nklj1Ce2BS4aJAv7pXB+RW3fNgZOMZwWBKKeBhF5tGDWnM9D0q32j8vriR5HdpGLE56/jUTqJCNxPAH8j/AIUUV+nx2ONEcoAAX1U8/Q1WYEPs3EjrzRRTW5S2ZLE7Wl7FPEfmjIIz0PqDXqI0+0WeFkhCl1UnFFFeLm2ko28z2sqV1K/dHq3gD4aeFfiRHf6B4ktpWhh0G+1KCWFwksM8LRbWU4IwQzAgg5B7HBHy7qdrHZahNbQk7ASuD7Ej+lFFRk05NyTehz5ppiH8vyJfDfiHWPCviDTfEugX0lnqWlXEd3aXEbENHLGwZSPxFfv3o/iLUNSurOSfy1E9hHcMiKQodlU8ZJOPmNFFcfEiX7p9df0PNW5DDL/azTXd8iyP5rIOuFUHAA9qKKK+Pb1LSR//2Q==', '2017-05-12 13:43:26', '1@qq.com');
INSERT INTO `user` VALUES ('2', '4f987513d1e66d3d02d60b7d82667000', '', null, '2@qq.com', '1', null, '马伊琍', '123456', 'data:image/jpeg;base64,/9j/4AAQSkZJRgABAQAAAQABAAD/2wBDAAMCAgICAgMCAgIDAwMDBAYEBAQEBAgGBgUGCQgKCgkICQkKDA8MCgsOCwkJDRENDg8QEBEQCgwSExIQEw8QEBD/2wBDAQMDAwQDBAgEBAgQCwkLEBAQEBAQEBAQEBAQEBAQEBAQEBAQEBAQEBAQEBAQEBAQEBAQEBAQEBAQEBAQEBAQEBD/wAARCABkAGQDASIAAhEBAxEB/8QAHwAAAQUBAQEBAQEAAAAAAAAAAAECAwQFBgcICQoL/8QAtRAAAgEDAwIEAwUFBAQAAAF9AQIDAAQRBRIhMUEGE1FhByJxFDKBkaEII0KxwRVS0fAkM2JyggkKFhcYGRolJicoKSo0NTY3ODk6Q0RFRkdISUpTVFVWV1hZWmNkZWZnaGlqc3R1dnd4eXqDhIWGh4iJipKTlJWWl5iZmqKjpKWmp6ipqrKztLW2t7i5usLDxMXGx8jJytLT1NXW19jZ2uHi4+Tl5ufo6erx8vP09fb3+Pn6/8QAHwEAAwEBAQEBAQEBAQAAAAAAAAECAwQFBgcICQoL/8QAtREAAgECBAQDBAcFBAQAAQJ3AAECAxEEBSExBhJBUQdhcRMiMoEIFEKRobHBCSMzUvAVYnLRChYkNOEl8RcYGRomJygpKjU2Nzg5OkNERUZHSElKU1RVVldYWVpjZGVmZ2hpanN0dXZ3eHl6goOEhYaHiImKkpOUlZaXmJmaoqOkpaanqKmqsrO0tba3uLm6wsPExcbHyMnK0tPU1dbX2Nna4uPk5ebn6Onq8vP09fb3+Pn6/9oADAMBAAIRAxEAPwCrgikI9e9TlORn0ppQY69Ksgix05rzH4z/ABNfwZpf2DSpYl1O6GFkc5WEY64GcnHQVB8Yvi+PBpHh/QJY5NZnTcSWUrAp7t159v8ACvljXPEd/wCJNRll1q/kmuxy7yt/rOnIJ5H446D6UbFKNyv4i8c61q7yJqWv6he+ZnKyTskQ56CMHGPr6VjQ6neKd0C5QddqgEevIqnqaIZSIUPBP86qRT7X8uXd7Z6VDk7lpWO88KeM9a0e8S50q5eFv41WXhh7rjn6Edq9p8K/GXU4HjOpWrCJj88sSZUk56qOnUEkndg8KTxXgPh+3TUHEST/AGeZTlN6/Ice/Y5xz+degqby201be6tminhJXJPIHHCn3J98gjk85XMO19D6s8O+J9N8RW4nsLhJFJxwf5jqD6qeQeOoONnBFfIXhTxxqHhTWY9St3kdMhLiFeN0YwOnQlccfkfUfWeg6vZ+IdHtdZsJlkguow6MpyPcfgciqUkyZwcdSyAc0HNSmMYpuCTgiqMxnPeinkUUAaG32rnvHviaLwd4U1HxBJtLWsLNGrHAZ8HA/Oumx3NeHftZahJa+AbWwiZh9svUR8HGVClsH24/Si9g3Z8tprF54j8RXmsatcs8l1JJNI/LFuCSM+n6DA7VFcWMEt00yXESE4yofLc/3cDP+euazLdzChjDEKSN34V7j8BPgHefEy6W+vGeG0Jyr4OSPasKlZU43kdVKlKrLlieJXelSwDcMH0xnpSppYvUUspVz/EBziv0ot/2HPDuuaMtmNWnEhX5WeIMAfpmvHPiF+xt41+FtwdVTRV1XTgMmWDJC4PVgOR+PFcscVGT1OyWDnFaHyPa+GtessNCjTQEZDRvlWGOcDqCMnPHH05ruJLjX9P0+JdStiitCMSBTtdecbs9D27AEEY6GtXVtYh8O3s9peaWtuzEH72VI3Zxzk9B1PIyARWRe+Ori8sEsblVkjiDfZ5GB3IDzxjjqBkYxx04rqTTRyODizAmuYmuDLEeTk7T1I649z/h2r6F/Zx8VvNHe+FLmXeoU3trk9OQJAPxKt+LV82ZRpjyoVzwB2zXpHwd1Y6V450dyxHm3K2zc4/1nyj9W/lWblyyRryqcGj66IweKQCpcZ4puB6V1nANAGO1FKU96KBGls5Arw79q3TWvPC2lNGCWW7YYHuhH9a91xXD/FjwN4x8e6Fa6P4H0f8AtHU471JxGXVAI1VskluPvbAPUkClNqMW2VSi5ysj4RjsCutxaS4G4SAPk8cH/Jr9PP2WvB9ta+FbW5EKgyBcH2wK+KvhV8HpPiX8arTw7cs1lIJp31BSrB4hC+1l2sPlYEbNvPKseOlfpNYSaJ8O9Mt9M0+zmkjtkCRQwxl3IA68fqa8vHa2R7GAWrbPWtDtIoFUAdK6WWGxurQw3UCyKwwQwyK8Nsf2iPCWlzpa+INM1bTmLYBltmOffAGcde1ep6D408PeKrJbzRNQS4iPcZBH1B5FcsbRR3Si5O581/tL/sZ+E/iPpVxqvhe2TT9VQF1VFAV29h2+n8q/L3xx4P8AEfw68QT+HPEds8UkLlUcqQGAPbP6iv3X1nVdPsrZ5r2dI4kG5mY4AHvXxr+1NpHwJ+LemXEMWs266/ACIZoIiSzdgxx19/5itaNaUJW6GNegpxvsz821k3ujqeRwcV3/AIAjI8TaPsJ877bb7ee4lXmuH1LSLrw7rVxol8MS2shjY9iOoP0Iwfoa9G+ESGf4g+HbURbiZldgeeEcMefzP4V2zXM00cEfcTufZCkkDtRtGc+lS7RjAFIR6V2Hmsj+UdqKcRRTEaWwjpWr4VhS61y3tJGdfNddrIcMsisHQqex3ouKztpPU1LZXE2n3kN9bsBLbyLLGT/eU5H8qmrBVIOPdGlCq6NSM10dzz74T+C9V0b9rHVdb1Es91Ld6ncTsf4luJppQ2M4AIkXAr6m8Y+Ko/BeiXPiGXS7i6jtlLFLeMvI3sAOaq6JoNjq/jDRvEkNuALuBgGJG4bwflwBxgBOScnPbFej22lL58lhdRg4JUgivn6s5yim/Q+npQhGb5PU+S7j9re7utesPDV98EdXnuNYaL+z7Zyvn3KSOyBwpOBjacg8jv617z8KNZ03XIodR0XSp9PW6UNLbyxmN426FWXsR0P9RXZXfwm0y9OFULExJ2hQME+9WtH8M6b4cuEs7CFIxuG7aoG48DJx1OKicVZWVvmaKVk03f5Wscd8TLq3XzrbUrjyrOBDLcM3RUHJJr5j1f4/fCjw/r13oOneANee7sWkNxLPphRl8sBnYoy7wAGB5A619Ya5p1jqfiy90/U7eG5ilRB5csauu5SGBweMggH6gVha18FNI1CSS8eygWWRPLkmESh5I+PlYgZZflHB44FKMYK7kmyrysuVpequfnn+074bsvH9tD8aPBkANkqJbXm1cbsfdb6jIU/h6VyH7P8AE9z440zVVDPHZLJ5mBkDcpUfT/8AXX3l8Yfh5osHw51fw/p9jb28P2SRgsaBBuC+3HJx+dfG2kfCPxh8OfElhqvhKb7TaXcUbXEMhwFYgEjkYxzx3H5Z9HBTc4W7HlY+KhP1PpRWV1yOhoKZ6VW0yS6ntI5LuNUkI5A6Vc2k16iPEejIinqaKkwKKYjRK+lIV5qbauc4NMZcGgGdp8OfHF1oms6RpdxbwzWX26HDNkPCGlG7B6Y5bqO559PpXxdaLp2srdoBtuAGr42XKMHRiGBGCOoNfVMfiu28Z+DtK1lJV89Y0WVQfuuBhh+DA1wYylHkbij1MvrzdRJvbT5HRx6ovkBU5Y8YriD4v0C38Tx6dq2s2tvdySsiWzyASNt7hep45+lVNc8T3fhm2TUv7Nvb23jOZfssLSvGnd9i/MQPRQT7Vg6n8Qfg/wCL7ea08RiCKeRMGW5h8iZCB8rAthwR2IryVepse7GlKWsVf0Hax4u8NH4pwwafq8E0jNHHNCsgLAOwVT+Zr0/WNStreyJVhwtfNCa38BvBmpy6t4dhF/fo++O5eJ7udn6AqQGOfTArv5td1jUvDEOtahYXWn/a0LLBcoUkUHpuU8jjBweRnkA8VLbg35lum425lY5b4rapDf6ZNaRnd9onRG9lU7/5qPwzXmCWsYVV2ghV2/hXRa7eLcDyw5YmQs3t2H8zWMRjmvdwVNRpI+azGq51mQiMKMAcClxwKeV/WjbXXY89MiI5/wDrUVJt9qKVh3NKkI9acRg0nXqKAI2U5HFdb4C8Q6jpl2+mQh5oZ8yGNTyCqliwH+6Dx7Vy2B6Vt+BZJI/GGl+WSd02xv8AdZWB/Qms6sVOLTNqEpQmpRPcNG1O01mzCxyq24Y65zVS68FeIraRrzw9BYS71KlLg4GD+BrwzVfHGufDrxNdtbxNNYvKWMR6Dn+H0rs9L/au8OR2gW7t7lGA+bjgfnXz3K6crH1lKpNLmh1L194J1RNT/tXxELcuDny4eIxz6YH8q5r4oePjbRx6XHODIQERc8A1yvxC/ao0y8iePRoJHkwcE9v6fma8j8JX3iD4geKG1rUd5hhJKKeRuPf3NJRTfNM0q1KlTWTuz0uFmdQ0hJY8kn1qXGRmmxwvEBHKuGUYOfWpAODg19LSacVy7Hxlbm52pbjdhpCvORUhGOc8Vk2XizwrqV7/AGbp/iXSrm7BKmCG8jeTI6jaGzVmai5bI0toPpRT9o9RRQIvYpCBjpRRUlB2rqPhfGknjjT965CrMwB9fKeiioqfAzaj8SNb4haDpl7czSXFuGYk814B428PabZRyPbI6HB6HiiivmZN8zPrKfwI4bw14a03VtTEN75rIWGQGA/pX0rofhXRNAt7G20y0EaOAT6miiom2bQ2Os8TeE9Ge089YGjk2g7kODXj/iC9m0mG4ktgrGInbvBPbvjFFFejlU5c3LfQ8zNYRspW1Pl7xt8dPiDql3daLFfW+n2qu0LCzi2M647sxLD8CK8omklt3R4ZXRl5BVsEUUV6snqdsIRp4S8Fb0NiHxz41CceLta/8D5fT/eooopHoxhGy0P/2Q==', '2017-05-12 13:52:21', '2@qq.com');
INSERT INTO `user` VALUES ('3', '69938a60b5519a50e76d597f4386f0c9', '', null, '3@qq.com', '0', null, '林宥嘉', '123', 'data:image/jpeg;base64,/9j/4AAQSkZJRgABAQAAAQABAAD/2wBDAAMCAgICAgMCAgIDAwMDBAYEBAQEBAgGBgUGCQgKCgkICQkKDA8MCgsOCwkJDRENDg8QEBEQCgwSExIQEw8QEBD/2wBDAQMDAwQDBAgEBAgQCwkLEBAQEBAQEBAQEBAQEBAQEBAQEBAQEBAQEBAQEBAQEBAQEBAQEBAQEBAQEBAQEBAQEBD/wAARCABkAGQDASIAAhEBAxEB/8QAHwAAAQUBAQEBAQEAAAAAAAAAAAECAwQFBgcICQoL/8QAtRAAAgEDAwIEAwUFBAQAAAF9AQIDAAQRBRIhMUEGE1FhByJxFDKBkaEII0KxwRVS0fAkM2JyggkKFhcYGRolJicoKSo0NTY3ODk6Q0RFRkdISUpTVFVWV1hZWmNkZWZnaGlqc3R1dnd4eXqDhIWGh4iJipKTlJWWl5iZmqKjpKWmp6ipqrKztLW2t7i5usLDxMXGx8jJytLT1NXW19jZ2uHi4+Tl5ufo6erx8vP09fb3+Pn6/8QAHwEAAwEBAQEBAQEBAQAAAAAAAAECAwQFBgcICQoL/8QAtREAAgECBAQDBAcFBAQAAQJ3AAECAxEEBSExBhJBUQdhcRMiMoEIFEKRobHBCSMzUvAVYnLRChYkNOEl8RcYGRomJygpKjU2Nzg5OkNERUZHSElKU1RVVldYWVpjZGVmZ2hpanN0dXZ3eHl6goOEhYaHiImKkpOUlZaXmJmaoqOkpaanqKmqsrO0tba3uLm6wsPExcbHyMnK0tPU1dbX2Nna4uPk5ebn6Onq8vP09fb3+Pn6/9oADAMBAAIRAxEAPwDxdOSBVqMYFV4xxVqMcYxXunlEidc+lbWg+HL/AMRXaWGmwtLcyg+WgOMnsPr/APWpnhvSRrVw+nRxyNcS7fs+wbi0mcBNvctnA9/03PEvji3+Ed3ZWdx4ZtJNU8uNriTUr028MCMRyI4wJGyM85A56j7xiUteVbmkKfMrvY1L34T+ILNLHT4rF5tTu5xG0aH5EyDhSxG0EEMSc4C4Prj03wf+z5Bp2iyeLfGN1bSWlpbykpBKjAS79m0sevIIGB948HPFfP8A4p/a5m1m+uPDWoeC9NR9HRTcalHdOUa0HSPGeDmdm3DnbkbTgE+Paz+154w0bw5qemeEPGN7bXmoSw5a0QC3jERYfuidroj5D7SvUDOW3M3VSwNerFNdTJv3+WKPrrxv4QHhDRs282hWQvWUx27XC/bWjcH5yWORk71ABUbRj94ctXPp8KfFTaDHq8eh3sjS7pHKJlLeFV3FpD/CfrwMgdTgfC+vfHfx/wDEHWba88ceJb7UHhDR25LACDcR9wY7kAnJPPPXmvpj9mz4ga3J4gh8F6raxPp95KFhluMJc2rBRuCvn94jdeSMZ4wODni8LUwUeeWp1U6Htny3szeaJkdkdSpUkEHgj6ilUYr2T4v6XC8cRaTS7S0tbdHgePCLcM6IR5SopZiQuSTwu5cnPJ8dUDpWEJe0XMjnlHkfKySLNTp1NQoOfarCjHIqvQQ8DjvRTlzjpRQTocFF0q0gJOBnJ4wKrIMY5qyhIwVPOeMVRR3vwxk0zTtSku9SDG5hRpbWNsBRIoyHJI5K9QPrxzXLftA/Dbwfofk/Ez4n+ILrVPEet3kk9poAnljL26ELvibmQ4I+7kAhgwKqwYY/iLX9U8Oa7pU1zYzTwOjT3F1PGzpFMMOm4AhvL+Qb2HOG4Ocgch+1P418f+MP7J+IutxyeGbrw9ItlpenT4Mhj8qEmRZMYlLOGY9cHcDnGT1YKk51FIKt1aCe54348+J+qw6rdWXhK9ht9DumE8EMYjdghXb5bkDI75U4wWPHSvMppBLIziNU3HO1eg+lLcTy3M0k0py8rl3wMZY9eBQ9tcRqGkhdQehK8GvpIQjTsjaEFFaDFLKQw4wetfSPgP4q+e+nXGmyxpdWmyW7tJYkVWYcFl7shVnUqPrxxXk/hXwg/i3TdlnC8lzDk7lQknHVWHc45B9OvAyLY8O3WiPHDq1tLbgj93KM/KemR2K5/H8q8nG1aGKvSl8S6f1udCjOl762P1S+KOheGvEXwf8AD/jnwxcm6t1O9mm/10kMqK6q5GcSLz04O5+vFfOm0BjgYGeK9U/ZV8Trqv7OOpeGNchKRWthc2/2ghiuI13QykANtZQsoJGWbGMHAJ8uYZYnNfOUfdcodEzDELVPuAFTpzgYqIelTRg56V0HOSKCBgDNFOGfQ0UXJOCXg1YhOwhskY5BHWoE571Ko+uKss9RvdZsF8I2N1BoEGp6xqt59k86eMMZWcAOWzjKszRKB6L0wefiP4++Otc8Qa/daHqM8z2djezS2it8yKZcGRlPYEgYx1B56AV9caFrl7c2K6BJbreQITJBayNtj39csQCeT1HcheuMV8cfG4RTeJ577T2cxX7GWUbThipKgj2AwOe5PWvRytpVOVlKKc1I81jAZuTXr/wqTVPEMq6VZaBZXkZUI321gEJ/HtXk1jEZZdijnivY/Bnwp8ZeJIoY9PneO0f/AFv2eUxs6ntn/Oa3zupSjRtUko9rnqYSnOVuVXPX9B8I6x8PtSXWdc8NaVpdvvVftWm3fmKrZyu7B4I+ld58ZfCUeraTp3inTvB83itGRJLeytG2LJI33i5X6fjVux8CaP4R+HH2G8023jjttP8AJnYDl41YvmRjy7biTk9OgwOK6H9kHVbrVfBl5pk8ubfTpnktTK3IhPO3+WPr2r84q4qUpPEwd+V26q6++/4n0lPDxUfZTW6v3PoL4O+DdXvv2XNe0yHwxpGm3kIkaCwsnYshlhj8xHBBBcEABl4JU8jrXy9MhjfaRivtD4V6y9p4ls7BH3W+ot9kuEzw0bjB/LqPpXxzq4xqNwAQcSsMj616eT4p4mEna1j5zOcKsLVWt2/6/O5UQZJ9DVhRjgVEgqVK9c8Zkoz3oo60UCOATr8tToc8CoUPPFTJwQa1LLEMjxOskZwykEHPQ5rgfi7ZWreGxpunW0VokoNxM0ca7pXUkMTgZwqlMDoNz46tXeLyKjvtOtNTtmtLyFZI25weCD2IPY1nVi5L3XZrU6cHiI4aqpzV12Pki3gt7mYxS28MFzCuz5F271zw2Onp/np7h8GvHc+jXEVpcS8LhRnpT/GnwBtbay0nxB4T1S6uPtFw8N3BIqFreXHyqMYLBweCAAM45NcHFperaFdgyQMg+8D+OP5ggjsQQeRTx3JjaHsp7/qe1SxMFUVSjsfWHjzUZ/G3w41bQdLu47a8v4BEkrZIAJG78xkVyfwb8K2nh+/1FfFfjC5t0lt47dLK1naJWTa2X3KA5bOTnPfFcb4T8aPf2wspZWWVRjrya63wl4e/tHxA99ceHF1VWwR9suWVFYADovBXk4BB69a+RjCeHpyw83Zb7K/Tqe7RqU69SM27H2Z8LdX0+XxBp+pWVyj2trFLc7wxICRxsxJ/Be9fMUzl5C7dW5Nel6M7+DPC2tahb20NoslnLZJHD8qmW5BjOB/uGRv+A15hySa78ipezoya2bPneIanPiVHsh4GBxUicd6YtSKBnNe6fPsfkUUuPUUUCOATrU2ahQ4xUy9MVqWTx9KlSokxitTRtKvtZv7fTtOtZbm6upFihhiQs8jscBVA5JJNDA9Y/Zo+FFt8TPHax6w7RaPo8B1G/YEAMqMNkeT03NjPfaGxg4NfJv7UOtaFpnx88XN8PrmJtCe+LwxKD5LfKA+Af9sMNw9K+8fEvhLXv2ff2cNct7qyni8U+LZBBcyWrsxsLcJhEZ1+UNuZicEjnGcgCvgS8+F8uoyf8TKN2kY53qMMOfXrRSjBvnnqtjbDVnTn5HH6VrsEtxHcoHtJs9R86H+te9/CbxTq+qXsGj2UCXE85EUZAYKSenOOK4jQ/gBrssqPp4e6hPO0riQf4/h+VfSH7P8A8N7LQfGGkC9j2EX0CyiQFQi7xuJ9OM14eaewTtY+jwk5SXNB6FPxdfazDczeF9ReLOl3csUvkklXlQlCcnGQMNg4B+Y+uK54AjGRXqHx20C0tPiNqt5pEDR2mqGLVYoym0xi5jWYqV4xgueOwxXmrQSKcEEV6eHpQp0lGmrI+ar1Z1qjnUeo0AZqVAMcVGAV61Ip4FaGA8DNFL07UUAeer/Kp06ZPNVwc8irECsxC1qWXrG0nvJ47e3haSSRgiIoJLMTgAAdTX3D8BfgSvwe0ZfiF4wgjPiq4i/4l9nKhZdPDA8sF5MhBx/sjjqTjB/Zm+DGmfD7Q4Pi98QdPZ9TmQS6NYvEWa3QjidlALF2yNoAyo56kbei8W+ND4q1j7TcXF1azKWWCG6037K+08ZjkOSc+hIzXPVm5aLYSbbsiv4qnvPEt/Pc6vDaTSE4yLZEY9iCcbj6c15vrPwb0TUyNQ0S3jtJYwFNvsCxnHGBj7vH1HTgda76285zslZWccLIBjPsfSrlltWYhlKMflZTXLzNao6I2ijz7Q/AWnIy2d5cXVlPjIjGEJ9wRw34E44ziun1iy0vwb4O1/W7q2bW3trCSdUvGG5mjUsiiQAMoyOeemQeM11ElrbXMbW15AksbYyrrkHByPyIH5Uy10GWNUt4NQkuLNZFL2lyFl82LkPF5jgnDIxALZO4AkkZUw5qWktQVSUXeLseyQ+Evh38cfA2jeJNV8OrImpWEU9vKfkuYVZchd69cZPHK98V89fE79kHxDopl1LwZIdZs1+byAu25Qem3o+PVeT6V9W+A9K0Dw74S0vRvDLP/ZdtbItorkkpEfurzyMDjB6Yx2rouCPrTjUcH7uwOMZn5Taz4ev9JuJLW9tZYJYiVdJFKsp9CD0rKCbfrX6GftIfCfSfG3gu+160sY01vSYGuI5lUBpokGXjb+98uSPce5r8/b2DypmXpiuynU9ornPOPK7EAIxRQB60VZJ53Hyte6/sg+CvDvjX4qSQ+JLEXkGkaZJqcMD4MbzJLEi71P3lHmE7ehIGcjIJRVz+Fjlszkv2v/2yPjb4Z8cX/h7w9qWl2NlpmqXdoqLYLKZkhkKoXMpbBwOdm0cngV6L+z78TfEnxd+F1j4x8Vi2F7cSyQOkCv5YVJNox5jOy+uA2M9qKKmrFfV07FUUrntcMa8DHTvUlzGvl+YBhlPBoorzkaotISYwx6gVbtnYOMGiioYmej/CHXb65bV9KmKNDp2opBASDuCSwLMwJzz87sR6ZxXqcZJ6+1FFV0KW4l3BFdW0trOu6OZGRx6qRgivyz8Twpb6ncQx52pI6jPXAJFFFb4fdkVt0Yo6UUUV1GJ//9k=', '2017-05-12 18:20:24', '3@qq.com');
INSERT INTO `user` VALUES ('4', '712145f4c9809bcd253edb3510edd3e9', '', null, '000000001@qq.com', '0', null, '王宝强', '123', 'data:image/jpeg;base64,/9j/4AAQSkZJRgABAQAAAQABAAD/2wBDAAMCAgICAgMCAgIDAwMDBAYEBAQEBAgGBgUGCQgKCgkICQkKDA8MCgsOCwkJDRENDg8QEBEQCgwSExIQEw8QEBD/2wBDAQMDAwQDBAgEBAgQCwkLEBAQEBAQEBAQEBAQEBAQEBAQEBAQEBAQEBAQEBAQEBAQEBAQEBAQEBAQEBAQEBAQEBD/wAARCABkAGQDASIAAhEBAxEB/8QAHwAAAQUBAQEBAQEAAAAAAAAAAAECAwQFBgcICQoL/8QAtRAAAgEDAwIEAwUFBAQAAAF9AQIDAAQRBRIhMUEGE1FhByJxFDKBkaEII0KxwRVS0fAkM2JyggkKFhcYGRolJicoKSo0NTY3ODk6Q0RFRkdISUpTVFVWV1hZWmNkZWZnaGlqc3R1dnd4eXqDhIWGh4iJipKTlJWWl5iZmqKjpKWmp6ipqrKztLW2t7i5usLDxMXGx8jJytLT1NXW19jZ2uHi4+Tl5ufo6erx8vP09fb3+Pn6/8QAHwEAAwEBAQEBAQEBAQAAAAAAAAECAwQFBgcICQoL/8QAtREAAgECBAQDBAcFBAQAAQJ3AAECAxEEBSExBhJBUQdhcRMiMoEIFEKRobHBCSMzUvAVYnLRChYkNOEl8RcYGRomJygpKjU2Nzg5OkNERUZHSElKU1RVVldYWVpjZGVmZ2hpanN0dXZ3eHl6goOEhYaHiImKkpOUlZaXmJmaoqOkpaanqKmqsrO0tba3uLm6wsPExcbHyMnK0tPU1dbX2Nna4uPk5ebn6Onq8vP09fb3+Pn6/9oADAMBAAIRAxEAPwDt2R1PRqQxp1fgirhCDHrTCqk8qDXnnoFQcdAfypkzRrE1xNhI1UsXJAAA6knsPc1e2KSFC5J6DFfLX7ZPx1HhTSz8OfCeoxjU9RQNfyxMN1vAf+WfThm79CB9aqMeZ2QpPlVzL+PP7XSeFr278IfDqK1u7lYgjask6yJDL32BchsAkc96+RNY8d+MNevHvtW8RX9xM7bizTEc89hx3P51hMWbliT9aArHgKT+FdcacY9DkdWUh5nmY5aVifqa7n4ffGPxl4F1a0nh1y+m06KQGa0aUsjp3Az0/CuPttLu7uWO1t7ad55P4PLP6etWNT8L69pEEdxf6dNFHIm8MVOAMkDPpnBobg9GKPOtUffHwq+Onh74nWoWKEWN1jBgkYsc/XGMc8fTJx0r0WaLyxuVcgGvzA8P6/qXhzUodT0y8ktp4mBWSMAsvPbPSv0W+EvjWz8feB9N1y21AXUxjEVzkBXEoGG3KCcc1zVabhtsdlGrzb7nQTRLIMsi9PSs65gGAPLDD0xW3PE+CcDHaqE0fy8qaxOltdDFaEBiAq4Boq4YUJ4FFGoHtUlsmQD19qZ9nUHhQfrV3YWJJTp70vlA/wAHP1qjnMy4nt7KN7iYARxoWZumMc1+TvxP8R6v8Q/idrOrXyMLq/v5ESIjAjUNtRAO2FAr9aNUtHm0+8ijDq7QMEKY3biOMe9fmH8NfBEsvxetotVjDJFfTGVS2/BWQqee+CeTWtOap3k+iJlH2rjBdzsvhX+yDqvjRkudVunt7YgNkggkewr6t+Gv7Dvw+t5ILdLBZ7l2AmmZS0ir32k9CRxxjrXY/DBtMisotPjuYBMFVSu4ZyBivYdDF7o9xFeKxXkdOhHrXh1cXVqS1eh9NRwWHow9xJs5yw/ZC+H3h+5k1VdCs5JyNsQaMfu1A6CuN8dfBnwReaHfaNceF7IRTxtCCkQz0wD9Rxj6V7zrPxV8GaBZ3D634ls7MfcRZ51V2b6fnXls/wARfCnih1js9Ui3TsViWU7DKefu56is6zlpKFzSj716c0j8gviP4Lu/Afi/UPDd1yLaYhGxjch+6fyxX05+wzfXc2ieI9Mcr5CXEckY2kEsVO75vy4rW/be+E1hFc6b4vtlSN7yYWMzjoHxlM+mcMM+wqj+w/pstj/wllo7EtG1s468hgw7den/AOqvdp11XoKSPl62HeHxLifScsTbtuAR/Kqc1my/MD68VtSRlWOV/wDr1Sk5JJG0dKhF9bmG8TE8fyoq5NGRIcA4PPAoplcx7HtUfeyAaCSAV4xVryRs3OMnsKQZK/coMisE3ZIYggA8HGcGvz/+InheT4e/tD+JNJ04uiXkEl/YvMuCPOaORiOxAcuP+AV+g4EnmYVAM9z2r5d/ai8Izx/Fjwd44AIt30q506THQsrmQZPX/loM+2Kmc+VP0NqaTkvUzvC3w/8AhLbaTZ6h4k+Nk3h/XJNszuL1QC3beq4fBPOc9TX0N4G1XxBfxxeGrXVItYWe3LW1/BJuS4j6bg3r6jrTfAnw78NWfh6DUrC5u9EZ4xLMlmsKxyNtHzNvQnP+1kHpXU+B7mDUPFUtxpcrzQabbNscszNI7jJk3Mec4HTjivArVPaWR9Lh6Sppux5j4snsvDuuOniD4Z33iTUsb2tra0SQvgD5v3hVCcHj5snsK6ux1HTPFEivqHwo1Hwq8SiSOO8htTzjPHkSvs4GfmK/yrvfFU3hS6so9R8VQQRvHKV+1yQEqMj+JgenHXHHfiluLDQh4aS30UWh3nfIYRwe4INDre5ZD5G2pW/A+Vv2wYTefDcQlPMk+3QOBxwctgn6kj86q/svfC7UPC3hO58c310yHxAsMRtcDMZj3ZLHqGBLDAI/kB6X460eDxRe6foN1Es8VzeweYuM4CuGOfXgV6Fqtjpui6VbeH7BFCwkOVVyQMIq8k9eAvXn3JJx14Ou1TVNdzgzHDxdX2nkcjLBnIA6egrOmj8skHIPbPetmcFSRs7+tVJ4gy5HHfnvXqt6nkqNlYwzFvJJU+lFaIt0ZVYYORyM8jnoaKLkezR6yELA5XjtTREMYxipHHAwxGB2oTcz7ArEjvj/AApmew0wArkDp+NcX8V/BEfjvwfLp0YX7Zp7i9syUDFpUVvk56BxlfY7Tg4rpPEfi7wb4KtJbzxd4s03So4l8xkmnHmhfURrl2+iqTXzZqX/AAUO+G9ld3kPh7wLr2qSWkhEUtxNFapLjOHx87KCMEArnsQMVm4SqJ2Ww41FTkm2dv4f8eNe+BCJWBihxBI7MFUlR8pb6kDj2rn/AIf+I/jL4S1aIaXqegtZzQiFJ7m7SPYgztJG4McA9B1Fcb8NviVp3i238QWOoaJDpNn4hEkw02CYsLbcCY1R+DjYcZ7EV2fwV1q5+HFvNY+HtY0W0a3aTyrvV/DY1S6ZSTx5xuI+ocjkZxxz1rxo0EpuM9Hc+qjiHUpKdJcy8j3PwjrfhPTNNa48cfEnT9c1O6BQ28ssMdvbj+JYox65xlmYn2ya463vzpcupw+Cr1L3w/cq89iI5t6W8gJV4UbJBTdgr6cg9suu5NU+KN/Bfat4zutQMDmGSCx06DTLV4iseVkSMvLJkwpkPKy/KAFXnO7rNnbWc0UMKpBbW6ICka7VWOPkKB0AJwMegFZ4pRprljuzTDOV3Kat5HK2Npcxazp9lfzxC+RXupF3YaRlXBVRkE8nPHQKTXVsWlQgp8q/KGPp1xXi+vays/ijTvijq0it4c0O8eC7fnMHmlVjuCegRXG0nqN+7oDXvNzYxz2Ueq2BM8N3GtwApzlWGdy+2CD9K7sHhrU1O9zwMxxf+0unLTt5nP3EaHJAJrPKuC3J9ua27hApJ6dv0rPnjB4BHPau5qSszlUk9DGYZY/J37cUVckibd2oqij1MwODlyoC4JB9fTjrx27mo9Vt1i0q5vbh5Io4kErxr8pMY+8xIOSQAce/rWigjeeNj/qoXEZ/23yQxPqB0H4+tP14BtG1G2IGJLWZVOONxRuPauiEebVnh43EuC5Y7ngXxb8CWK6TfAwJJLcZBkxywJ5ya/Nu68IapaeNbrRWMsCyXvkLxncN/J/Ac1+v3xC8PHWdMlYRhsA49xivir4p+DLTRfGcWq21tbyapcWxFpbTIGBkfKtJtH3sA4x0yQT0rVe7seZQxTcvePF9R8UXfhLVbO809lD2iojpkAOgAGw/UDr2NfWnwR+IPw413RLS/wBRS2ie4jBkadM5I457A9jjuK+KNZt/G1vdsfEl/c3GDult5n3ouTkDbynRemK9P0TzPButpoRtIk0fWW+1afIhyI5NqmWMg9PmbcPZq87G4ZThzLdH1GSZh7Cp7GWz/M+7pfjD8LfDmmOsNzbExglVhH3m7cDrXkt74w8SfFXU5LPSYnsNMl4lOP3jp6Z7DnmvNtK0VL26RAoVWOAT0r6C8CaGNB0xY4LdpC4BZlUdK8KWurPsuZKNyWx8KaWngrxRoF7YK+nXGjzQvEwyCBEw/wDr/XFeg/CfSJYfhd4R0zUDumTw7YRSMepYW6D+dVb+wH/CMy28Ns3nagFtsMMghjlgfbaGrudOsY7G2htbePakEaQqCOiooHTp+VezlsdJX2Pg+J66VSCjued6npcke5NwTYNoOPlbHb/Z/WsS6gkif5xj5Qa7+9tgyhrrqTtMgyWx/tKP8/SsC+sEdigAkQdCBwe/Heu6dK3wnFgszjLStp5nJPljk5/Kirs1lLFIUC8Dp/ntRWN0e4pxaumekWv7zQi5PAM8me/MjEHim6tfh/D99OrAstlJLgnowXcAfSs/Tb6TSpLqwnUsthczMUdfme1mbzFYDvsZmTHome9c3401VND0GHWEukNmQ2lXUgfgwzMYopD6lHeLPsWrtPh6tSU5anpMscVzaPkZjMZwG5yPXmvIPih4RsbvTLfXvscRmsQwSYoAyjIbhhz2Bx7CvWNKuxeaVDMjOfPjDqQeAWGfy5rlPFSpceE9dtR98WzuOxzj9aZknZnxt8a/AYk8QapClrhjsucYHA5Q/wAx+dULrwLqWu6BpkttE7G2e2uISQSQSpDfmGGc+g9K+pvFvgqw1D4n6NHcAGHWtMvrRd2AHmQwSLx67Uk/Wtjwn8OdL0uXT4JlLps8t1I4G0HGO3YVhVg+Rnp4KvyV6fqjyv4aeAJooI7jXbd0RQMZGMn1r3jwrN4b02DLFXK8Bs8Ctubw5YQOVtlGwDAGOCKwPEejaankQQ2IN3PIqIA+F29yQOT9K+ehRc2on6PiMVToUnUm9Ebjz/2tf2wjkzaxESRgcDJ6sAf61uF1VQC2MAvnHOM5x9K+OPin+1Fr3gjx7baR4Am0rUNNsHC6jJPEzhpN7K0KuGAACBDuAOGYjnBr69N7avpyXMUyMk1t5ilHDAjbkYI65r6KjCNOCjE/MsfWniqjrS6mJ4guGt7eG9VwE2Dex6DnPeopYDdRh4Yg6yAEAkjPHUGrSPBq9oiNhklgClVUZIK8jk8daz/CFxNN4dtjctumt90DsO5RipP5rmtThKM9vEZMtCD/ALw5orekjiLZ34JHO1utFLlXY6I4molZSJNbhiE1pfBMSkiIn1Ruo/PmvG/j9iw+DnjtbdRsSyaaNGJISQt95fQ5UNx3FFFURT1metfDFjc+E9Lab5t1jESO2dg5rO15Q9nqivlh5cicnoKKKCJbmJ8SyYvFPwzvYiUlj8QvErA/wtY3QI/QflXXzbbcgwqFMUz4Izn7xFFFZ1fgZtR/iQ9S015MHByCSMZOa+Zv2jfGevyeMdJ8LLd+Vp97E09ykRKNKE3YjLA52ZGSBjPckcUUV42B1mz7PPW/YwRhTfBjwTqFrp0c9vdD7UBLKySgFmZQT24yT2r6B8FfDrR9L8MxWPh/UdW0m3tYECwwXhmTaF4VVnEgjH/XPYT37UUV7i2Pi5PRG0JHtVs2hYqWcgn6giq/gZjLoOn78fvoRM3A+8/zE/mTRRTOdGsU+0O5dmXY20BTgYwP8aKKKBn/2Q==', '2017-05-12 18:21:05', '000000001@qq.com');
INSERT INTO `user` VALUES ('5', '485de3b944b36b3a08fcaf00fa833225', '', null, '00000002@qq.com', '1', null, '白百合', '123', 'data:image/jpeg;base64,/9j/4AAQSkZJRgABAQAAAQABAAD/2wBDAAMCAgICAgMCAgIDAwMDBAYEBAQEBAgGBgUGCQgKCgkICQkKDA8MCgsOCwkJDRENDg8QEBEQCgwSExIQEw8QEBD/2wBDAQMDAwQDBAgEBAgQCwkLEBAQEBAQEBAQEBAQEBAQEBAQEBAQEBAQEBAQEBAQEBAQEBAQEBAQEBAQEBAQEBAQEBD/wAARCABkAGQDASIAAhEBAxEB/8QAHwAAAQUBAQEBAQEAAAAAAAAAAAECAwQFBgcICQoL/8QAtRAAAgEDAwIEAwUFBAQAAAF9AQIDAAQRBRIhMUEGE1FhByJxFDKBkaEII0KxwRVS0fAkM2JyggkKFhcYGRolJicoKSo0NTY3ODk6Q0RFRkdISUpTVFVWV1hZWmNkZWZnaGlqc3R1dnd4eXqDhIWGh4iJipKTlJWWl5iZmqKjpKWmp6ipqrKztLW2t7i5usLDxMXGx8jJytLT1NXW19jZ2uHi4+Tl5ufo6erx8vP09fb3+Pn6/8QAHwEAAwEBAQEBAQEBAQAAAAAAAAECAwQFBgcICQoL/8QAtREAAgECBAQDBAcFBAQAAQJ3AAECAxEEBSExBhJBUQdhcRMiMoEIFEKRobHBCSMzUvAVYnLRChYkNOEl8RcYGRomJygpKjU2Nzg5OkNERUZHSElKU1RVVldYWVpjZGVmZ2hpanN0dXZ3eHl6goOEhYaHiImKkpOUlZaXmJmaoqOkpaanqKmqsrO0tba3uLm6wsPExcbHyMnK0tPU1dbX2Nna4uPk5ebn6Onq8vP09fb3+Pn6/9oADAMBAAIRAxEAPwD0DxL4XnmebUBDDlCVT7OzB3iJxtkX7pZix9/uk8dPPda8LR25FrFZpCA28iMADJKjJUAdTuOSB074Jr6X1vQsRtHJEJPLwzhMqBIRghR8wGB8q4ORuGenPlfiHSVEzW9zGZdwO0In3uSBjJAIJDHOBgbPU18etND6FyueJzmXT5maOVlkXaW+bBBwOD24Of160wfEOy0Nbp7uVGadR87NkxccFP7vGQfYn1NWfH8K20Uol/dEAsMkKSBjkqCMEnt26fX47+L3j2OC5l0rSZ2aY8PICfl/+v8A413YbBrEuyOWriHSPtXwh+1v4X8KLNFL8VbbSbxQscdrdCZ1uctF0ZQyIQIk5cjABwRnFfR3hX9oXwf49vkvvEn2ywe8lVUure4NxaMGYrjy2+UKFwMrwc5wSOfw3klkmYySOzsepY5JrS0LxT4j8MXP2vw7ruoabN0LWty8RI9DtIyPY8V6dTILxXJP71oc0cdd+/H7j+iHQrSyvtPt9Q0W+F3ayW4wVbIaKUAr23L90gcAjLdxXSWViUMi3TLLFdKUkjlQY2n5do7YJwT15Pvx+H/wl/b1+Mfw4v0+2X0d5aNkSPFEI5vulRkAhJAAzYDDq3BFfo58Bv8AgoT8KviVssr/AFNheRWiNMzW/wBnuFcR8qYiWEhZxjcjbehOM4HnVcFVwr/eR07rVG8asaq9x69up9WaJZLpUJt4LWKOAAFUtgEQDoFA4Xj/AGQB0yByas6hp0Ov2kulPqNzaFJI2jntpgkg2sHQZ6FSRgqcgjIORUeieI9E8RWn2zRtThuYy/lh4j935AxBB74Iz71Hq+i/2s8Ji1a8sXhmE6vA4/eYVl2upG10+fO09CFYYIBojptqZPR3ZzGr2P2O8k2IQhY4XABH4Ang9RyePpgUciur1Jbq90q5uL7SzaXcV06/fV/NhV2VJcqTgMuH2nkZIOCDXO7I/wC6K9TDXqQ1Oap7r0K1FTNAhNFdHKyOZGfqlk7WxmBkJLb9n7xd3BIPGQD9wZ/3c9Ca8h+IEtpo9rNd3kyGKJZCd4YAnAUHJwex4z6jrxXe3WvzQWz2moWflmFmA2ruV++0Hcc5Hb/aOBggDyf406rpa6PMIyzKsUro4kMoQdtxyx75HPbqa+T502rHuWdj4r/aI+K7eTPp+mysQ+4cg7TgkAjJzzjPSvjq/Wa8vHklYtLIS7H+Vez/AB11NrjxPKNzeSvmFQcZ2hzjjt24JP17V5rp2mNfG5uVXIDBR7V9VgVGhT5jyajdR6nJyQvGxyOlNHTmu9g8Ey6hLLaRlElZQYxI23cTk4yfYjrVjXPgr440DR11fUvDtzHYuQq3S4eJmx2ZSR/+qvQ+sQXUx9hN6o8/jgdoTJjgnGaafMtpAQSjrhgQcEGu/wDC3hKbWdPu7RLKRpoV85cIT90fMD6cc/hWR4l8LXdpDBcSwtG7ZDA55HY+1JVouXKN02opns3wX/bp+LnwouLaO6vpNXtLaMwpIZdl1GrABiJCCGO0YyRuPHzDFfpr+zx+398OPizDbWWqataQXsmfP48mSPK9GhOenOXU7fQ9q/EJtMuArNj7uKmsZ9S0W7i1DTr2a0uoTujmgkKOh9QRyK4q+V06j56Xuv8ABmtOvLaorr8T+lpLiy1Kxk1bTb2C+sZoSI5beUOpOSpxjg8H65Fcxs2MRx9RX5O/spft+eNfB+o2HhHxlqaPHPKsTX1xgQzjkKLhR9SC68ngnJ+av0s+Hfxk8F/EqPZZXUWnagQCIJZ1MU33QWjfPILkgDngZrzqc3hKjpV1Zvbs/Q1nTdSHPT1X5HZmFGOcD8qKmlilgcxyxsrDqDxRXbzPucnKit4i0qC+01ZZo8hYuPmLbV5zyTljy3P1zjrXyN8bPD+raVbzttKopMjsWIG3pj0J+YZwTwTjvX2k9xFP5bwSee8jKXQqGYZAOXAyEAyDyPUAZr5q/bE1KDQPADX9luWS/YwWgWNi8hKkfd46nC4JyVJxXzripVFY9iMvcaPyZ+M07f8ACT3nlP8AKi+UuSOTwTgA9MY5rq/2efAtv45votOu0zHdXBhYgc4HWvIvF15Jca5dq8u8LuRSDkE+ue/TrX03+xpbxfbNGm6GSWRiT/eDY/pXu41vD4PTc5cFFV8QoSWh9U+Hv2Evhfd6ckV/4fhvY2xIwaWSKTd7Opz3qT4qfAzwj8L/AAFrt1azXVvZXMGTp8lyZ4mmDFlkBcbt+TjOeRgY4GPq3wwYItGSXevCDJNfJXx48dx/FPx7o3gnQJ/O0pL4rNdA/upZEPzKv97GDz0r5z6zVmrOTfU+inQp027RXY9N+FXwY0m1+CVpcSaNbC71G2jMzGFQxyOQfzr5n/aC/Ze8f6pqZj8KaLpLWpQMrzBxiTsCFHAx3r9FtD03+yvCGl2RUeWsCnAHai7sdO1M/KqM2MEY5Boo1pUp86d35kzpRqx5GtD8Yta/Zh+Kvha6Fxrng+K50+VMStp84kMRIGW2tzjOePSvF9b0CbR724068hcNAxT5lwRjjpX756v8MbG/06SSa3Q7hxlQa/M79tj4IWPhLVpPEmnQrElwzGVQuPn4x+de1hc0m6qhWVrnmYnLoRpupRd7bnwmwa3uCUOCjZGK+p/gX8atU0iytLCWVmhVkZfmG5WGQNpIyp+n+FfLd8MXcowQAxHNd18Lrl572OwgaVrlX3RKgyTjkbeeWznt3r1sxw8a9LVHkYerKlPQ/UbSf2vtTtLNbbS9anu7OPAhe/dVnC4HDfN1znmivhiw8Sy2MBtnbcVY8nj+YzRXzH1avHRSZ6ft6T1cUfrhdeL/ABRdfEp9HstPe48J6Zp8ktxLcQFkN4jyE7FU5mAyqY5AZCQcrg/G/wC3r8T7rWXl8H2E7GDS2ZLiR3BO9h/HhQFJAO0An5VY554+g/G37Qlx4hgbQvhReyarqN3A0cV1FcYgjADsG8wAhQCV4AznAHXj4C+OFhqXhtLjwlrevW+u6mbl7u61CNpmxvCgQkygHOVJPHZeTgAc2VUnUqqUpN3d9f8ALsjXE2jC9rO1v68z5F1+4t31KT7Iv7mNiuR/Ee/WvpX9k6/uftOmW9mwLpcOoU9zuz/WvnzxJpwe+uBbJiOAAKPc5JJ9SSDXdfs8+M28N+JEQvteCVLqME9cEBx+W39a+uzOk6mFfL0PKwFVU8RGTP078W/Fmy0LTZPCeq6k1hLNE1vJltjJxgnP+eleKaL8ItZudU02L4ffFLSo0tbo3dtBeSgguTyCwBJHNdr+054T8E/HD4V6X46s2S11VLOJzdxLuKsm0ZZf4h8oz3x09Cn7K3w4+E/iPTYV8Tapf6dqFpEfNmiuc28pEajchII+8c4IzgGvlMPRi6d4y12Z9h/Fn78W1vdK7PqPw3ofxOvtFsY38V6bZXNoy+aBa/aYJlHVTuKtjHcEc4+la3jSO+0LyNe06YSSwti5j6eanfHoR2/KoLT4c+AdP0q1t7fx9ceUII2dftAOTyWOAOBgcCvJ59D+OE3xRtI/DniFb/4dxhUvG1EZnkkwxbyDtDBAdi/N1O7HGCzq4dU4eY1KM5c0G7ecWvxPfbTxtaalo6OjYVkyK+Jv26LmyurDTILny9oaa+lR2ClkjGF6+7Z/Cvq+z0WDTYDE+RHH87+g74r8eP27viwnxS/aE1oWN15uleGwNFs8HK5jz5zD6ylhnuFFVllGrjsSuZ25dTizGvTwlBxivi0PA9Qa3nupHhk4LnBY5yMkZJFbHh57jRdRhv4lVvvLjJ5BHOMd8dPcVzOTnNdXosqvbQTDqpYfQrz/AIV9rVVo8p8pTlzSuetobG4ghuVBEcyb48ID8uTzznvnpRWDYalqFjB5WmSeVCx37ElZQpPXgMKK8p0HfQ2uz6w8HeMrqy+F0XxM+F1lJbPPA1nq1uQkqabLEGiSSPI/1jK284H8Q/hAFeDfEvUt9vBGdW+2Xl9cs7Atl3A/5aMSMjOTwee5zxiL4PeJvHq6Jrfw18G6fc3shme+ZI8ARNsCOz55IAVcLkAnOc9DS8ceGZdPuLLUpr4XWpT2Imu0WERpA5AGwY6sAOffrzmvKyPK6+DrVFVfuqV497dvkdGJxUalOKj21PMr1IpzfOo6DaD/AMBbn8SCa42xv7jR9Ui1K0bDxMGHow7j6Gu2nGyO9RhtCgLg+oXP/s1cHOu/BXr3/SvrmlJWZ5l7an3z+zr8T7DxZ4PPhO8ug0U2TCGb7u4YZD9DX0t8MPgzbaUoNhKyeZyQrEA/0r8rfhH4r1LwldyanbM7QRSKXjB6H+8Pev01+Af7S/hHUtLtYtWvxBKqqP3ikZ49ccV8XmOHnhKrdP4T67Kcc3FWdpLY+sNK8EmbTLSDU1LxQDgKwXd9cAZra1H7JZWqxoqRpGMKoXAGK5ew+L+i6zYxQ+HUm1GTAG22iZwPqcYA9yaY1jr/AIlbGov9hgPJjjbdIR6EjgfhmuKrW5lZanS3Um71GeD/ALZHxq1P4a/BTxHrnhyfZeqEsbeYH/VzTNsDD1ZQWYD/AGa/GOUSyhp5WLPIxYknJbrk1+ov/BVSW18PfBnw34bsISiX2vxuwA42xwTE7j3JZl/I1+YFuQ4ZnxgJgD8/8K+l4fpqGGc+rb/A+ezibnXUVskVCMHBrb0C7MDxxufkeVT6gAnB/wA+1Yzklix6nmrNpLIwW3X1+X6/5Fe7PVHlQdmd9cRSFlXymfYu3ILfriiptG1yCzs9lz8zuQ5+XOPlUY/SiuB7nQer+HXPgj4+6po1uY/DFhqMHkmP7Wu1ImhSUBpSR1x97I5PX1u+PZ9MaZ1srmGYLKIkePaMoMDoMcHBPTvXhd54n1jUtZk1TxDqU1/e5w0szFpCVHA59sgU2TxndkSFpSTH8+71P+RW0LSV0YW0LWohJLbUpY8uWuZAG7AKAK5C1td1zHERnepB44yef8K6t7uIeGHiLDzHQNMfViQW/WuZhmEm1kHOA3HYgZrVyaRUY30Z2nwl0RNasfEEAAzaxedg91Ffc/7H3wxsdY8LR6xqUCOSf3asgIxXxx+yrYyar47v/D+wsuq2M8AHqyjIr9Ev2drR/BfhK2024dVMTFSp4IOea+Vzury1HC/Y97J6XNafqfU/hPSLXSNOS2hhRBjACqAK2JHitiXwAa5jQtYW5iRmkAGM8mnan4gsogwmuFUKDk7sV411y3R6bjJzszxv9r34OWPx6+Gl14eluPs9xFOlxZzAbjFMgOGx3BBIPsa/Ir4mfBTx/wDCfUpbPxJo8ptsEJeQIXhceuR936Gv1J8eftL+H9H1S58M6Mp1a+TOUhI2ofVm6AVx2neFPiJ8VmludRisIbK54Eb24kAU9sN1/StcvzavgHy7wfT/ACIxmW0sXFST95df8z8o8kkk1ZsSVnif+7IDzX6VeM/+CbHhfxTBLd6XqEmi6lIpYS2sP7gv6tESePZSK+M/jb+yz8VPgDfCTxVpv2nR5pPLg1W0BMDHnAbPKNjPB9Dgmvr8Jm2GxnuRdpdmfO18tr4X3pK67o5EaeNSzcQzpEMlWBcDJ65x+I/Kin29rGbaKRJinmJkqQSQQcHoPUE0V0M5+ZGf4gRYrtpEGG5579axDyQvYkdPwoopYX+EiI/Ca+qjyNOjjRiVaRVwfTGazrQYcDqAKKK2ewdz6I/ZJsLex+Mvw+a3BBu3mM2T97KNX2z8VL248O+LrS10l/JjmuCXUd+aKK+MzbWvr2Pp8q0oO3f/ACO8j8TavZaIJoZxuCdxXzf8a/iz45aS20K31drWDUZhDNJANsm09cNzj8qKK8yhsenU2OJ8J6bZWmpadp8EIWO5ud0zEkvIQRyzHk1+hHwx0yyj02EJCAEUBfYYooptfvED0gz1eCytzAMp2rjPid4F8L+OPB+qeGPE2lRXmnahA0M8TjqD3HowOCCOQQDRRXTL3bNdzji+a6Z+Ft8W8P61q2h2Llrawv57eIygM2xWwMnj+VFFFfoENYo+Mn8TP//Z', '2017-05-12 18:24:59', '00000002@qq.com');
INSERT INTO `user` VALUES ('6', '2478c8ea18a269c98d58a346aff4d72e', '', null, '00000003@qq.com', '0', null, '陈羽凡', '123', 'data:image/jpeg;base64,/9j/4AAQSkZJRgABAQAAAQABAAD/2wBDAAMCAgICAgMCAgIDAwMDBAYEBAQEBAgGBgUGCQgKCgkICQkKDA8MCgsOCwkJDRENDg8QEBEQCgwSExIQEw8QEBD/2wBDAQMDAwQDBAgEBAgQCwkLEBAQEBAQEBAQEBAQEBAQEBAQEBAQEBAQEBAQEBAQEBAQEBAQEBAQEBAQEBAQEBAQEBD/wAARCABkAGQDASIAAhEBAxEB/8QAHwAAAQUBAQEBAQEAAAAAAAAAAAECAwQFBgcICQoL/8QAtRAAAgEDAwIEAwUFBAQAAAF9AQIDAAQRBRIhMUEGE1FhByJxFDKBkaEII0KxwRVS0fAkM2JyggkKFhcYGRolJicoKSo0NTY3ODk6Q0RFRkdISUpTVFVWV1hZWmNkZWZnaGlqc3R1dnd4eXqDhIWGh4iJipKTlJWWl5iZmqKjpKWmp6ipqrKztLW2t7i5usLDxMXGx8jJytLT1NXW19jZ2uHi4+Tl5ufo6erx8vP09fb3+Pn6/8QAHwEAAwEBAQEBAQEBAQAAAAAAAAECAwQFBgcICQoL/8QAtREAAgECBAQDBAcFBAQAAQJ3AAECAxEEBSExBhJBUQdhcRMiMoEIFEKRobHBCSMzUvAVYnLRChYkNOEl8RcYGRomJygpKjU2Nzg5OkNERUZHSElKU1RVVldYWVpjZGVmZ2hpanN0dXZ3eHl6goOEhYaHiImKkpOUlZaXmJmaoqOkpaanqKmqsrO0tba3uLm6wsPExcbHyMnK0tPU1dbX2Nna4uPk5ebn6Onq8vP09fb3+Pn6/9oADAMBAAIRAxEAPwDl9Z+I+o2zX+k2WjyrqllujnE2UjhkUkFSWHXI6VW+G02oax4murrUZzLIkBzluBk9BXlniX4h30Gq6jp2oWt1eXa3ZW52jJMrHOWPfOck1638D9IuNRvpw5aHzVjRwvJ5b19K+/WZ1MZ7tSWx4P1SFC8oLcW7+JUafElfBtnbqslojNLcPMgQ5Xpz061N8SdW1nSPBGoa3Z6ztwyCKG2UPFktjJb/AAxXonir4PeE9P8AGkdxd/Z9Tkgi80RvaqoQscDPXcRgnJrnPi54Tm1XwTHoehaOfLmvIl8m3hxwDknAHSuaOOnOnJwk7P8AyMXTSklY+PvGJ1LVrWa7vpl828kRm2jBOSO4r7i/ZK8CWS/CGbVHghBuLuQ+Yw+fCgL1PPavlrXPBraBeTx67ILOCFhERIpDg54HtzX2f+y5bQWPw1j0y9vZ5o2uJikQOSATnoK8itiHR99X6HTWjzQSZzGreGp4/Fceq3a2s0DMCioCScdM8Vo+JdI0ya9M1m9zbLJblyI2wgOOw6V6PrmgWuhpPqktwttBFGy+XOAu0f3smvC/iV8cfhp4Qj/sC58Qfb9QukJK2zI3kAcAOSQB3OAc4GcYIzGJzSnOaqKTikrb2/I5cPhajfLFXZ4n4j8WQeGtenstdv7lYY9pguIrZjhecgleM5+lcXq3jzQdVukh0X4p3UDu+0W91bl0cnth1b+ddzZaRf8AxGvP+Kct/wC0hMPMLx/MqA55Y9uh4616BY/Abwj4T8NDxhqENvLrVvkyvKF8uA54Kgj9TXuPHtUYqE1Jd9b/AHpmE8PGnNuaafb+kfNHj3wtcWWnr4i1S5ig3y7IlxtMh7ttA4GPpXkGoahFqFwGBxEo2s2OT6nFeu/ETxQ3i+31HS76aOKS0uk8tNuY5NoKlweqHofSvILnTpY5DHAvmICCMe9fLZljlVnelsd+FcoR5ZGedavbOSWHTb25it/MYovmEHHbOOOmKKbJDIjsFgc89dtFcCxFW2jZ1rle6PrLSGupdQvrn7XbQ3s9wd5kXLPJ6c9+g/Kvc/2e7XWbeDUr7UYUaVLpPLKjAIHNek/EL9nv4VeCPDZ8ReFdXOtzpreJjKdr28xQyYKr9wjA4PbB711nwe+EDf8ACn9Q+ID6okZNxIwtfJJ3BSq53565Pp2r6HLMVTq0JVeb3W7fPY1x1KUZqFtbXMGSWTWPFUt7fYbfaqhCDgEOTj9TXovg6Lw1aaRq11qdpb3E8cBa0EvBDKCeD27Vynw6+Gf/AAi/hqW7vr0XN5qGoyTKzA5ELs7Y5PY4Fej3HhjStV8Jy29mY2vlkMUSK2HZyv3QO/Wpr1Kap2i7K+ljkVOXNqtT4L+LcsPiW/uNRljRJby5iaSNDlQ24Zxn6V9WfAiZPCfhHSLyfS2DTlmjlK5VwWPpXzb4j8LTaR4oTRZr23sbtNRaCaGZQ7SFCd0a/wC1x+lfob4F8D6S/gDw7bSxKwt9OhJDgEA7Af5mvLxldRVt7mvs24o/Nj9rb4s+PviH8cJfhn4PuL/UrLS5Ivtcdj8tvGHVJCZn4UKgLZ3kAbM5611vj34L/sczaHFoWv6IdM8RiGyiOpWGpPGQbltqSlTKsbKSCxcRlAqljwK5r4lap4Df49eJtBu5NUj1Lwx4kkv5bm2t4nsWDjfDsYtvWQFWjYMjKcKQV5DUV8YTap4pj8Vzarp02vaM6tZ2rabI9tPGGy0MksPzRhvmzhcfeJKhmI+ErV6tTFcsU1ZPq1dvbby27dT63A4Hmopwa6dL+q+8f+y38OfHfwx+K9xbaBqNx4l8Bz2r3dpqMbBYJIfmT50fB81ZCVwBk4JHAIDf2mfEviHUdXv9E0+OaC0ZQZI8svnAHIO0j7w6H6V6H4ZXxB4UurXx14T02z3aws/2e3FokMUEbtD5mJFINxErwBYztXAEhO5nZqn+JllrXj6OSeTR7K31ZGU/6LC67shgwJ6E7gCOnBp5lxJTwmFjQVRQq6Nxk0rp38rXe9vkfJZnFxxkoaaO2mx8YXXgO90+1N9qEhWOd1kwHzlSOGPfHX8q4bWbWXTpmhjuRJECQpUdV5xX0LqHg3xDbX1xp7XUN3BNCkWJMsImzyrA8qVOa8x8WeE1tJJWEJdoWKSGLO1jjqpPauXL8zqVKjUnf/J2/XzOaLcXY89W3urkB7Sy3oo2ls9T1/rRWnh7ZUjihZflDEFMnJor6yGNSitTqVZL7KP1O/aS+K40XwHY614S8M2dvd65qdxFPb3tsJCyG1x5m1T95Tjn1r239maDVNc/Zo8M6Xq2nsZdQjlup5DhU8vzmZTgHOSAvGMdea+V9a+IEGvT2X9t3bOmnljazRxhlTcOSMjByPWvoL4dftVeHPD/AIcs/Dl5Haz29naiCJ0/cy5HYq3yt+GK92NKrTwnLFLmcru3zt91z0a3I6y5X7qVlfv1O3+LXw28U3Xwz1yP4drD/wAJpaRxS6NbtIq27tlco4PABHmDJI5wa4r4Xz+LLPRfDg8Wi2j1S1jMmsxeUdyXq/fAkBK7cggDn612ujftKfBmTxFqU2p+IJ9LlnEdwJL6Jkh2JCqhQ4BUHOeCc5Ncb4T8WeHfiHo82raX4qtU0qOKe51K5R9hgQsRlyfuk8gZ689cV57rydoTbsuhoqSjzPv1/wAjz7wP8M9M+IGqv4y8TPHaXXiHW7p9NgZVL8sxd1DFTtUlhwM/KeOK91+GOozX/h3xFBbanPDH4V1C50aSOdhKsjQAZYMACoOemDj1NeLXXxK8BeANDvfjBc29hp5exe20Ii1Vbh7CMsTInmHzSrF2xhgZCAdozgnw0+KN74N+Bmo61r0C2+peKtSv9UYyZXdNcs8pUsWwdgAj3AKMR4wCDQ4TrRcpfI5HGU5xUdl+PRfieaftI/CnwB4JsvEWs+H9Kki1Px+0N+1zLIz7poZn3IgP3FCSdP8AaHUgVyn7MPwI8R/GC3uZ/EGurHoWiS/u4pLBXuJJX+9HHKSCnyqDn5gDt+U19C+M/CsfjT4WaOs0UVxHoYvoUgWJRhAIpFlQrypjEeNucYcggkAjgfgv401D4ZHX9Gnv0fTLa7hvI0ltnHkI9tztZB82RbTtk/xbVyMGvmf7OqLEVFGLk/iS6vRKyv26elup9RKvKhlvtaGk02vxPbW+G8Gu2cehW+pJHb6F5cdtaqny2yJ90DIz1GCSTnk9akPgPUZbp7uKewuFiVkaKNNxGR98ccH1ru9F06++z300C2QupnKM4uSEZByJMleD8x4rM+H3h/VPDXjvUI9Q8W6lq0V5bK0cF55MiQYOCsLxorFDkH5yTkGvzzG5Fh6mZUa9TETlGTV3PvulbRLVu33b2PlYuDveOr6nz38bvAun6czzWNs3mXbAiOOEb3cIMnPoCoOD2zXyd8QPBnijT9KjlvLFI9JCRypcLEctI/zKu3kr0bJ6fnX6Y/EPTNO1G7jiltGHkuWEar8zRsMFuOeP8K+K/j/4a1jxFfppGhRkQ2sRBL3IQBeoX1IAwRnkc+lezUxmGjivaU2pSTaSVt/TXZ+aOOrFRtc+Pb7UtJivJkudFZXDfdzjAwPSivoH4UfsuXXxF0C817/hItI03y797Xyr2cPIxWOMlsgdMsQPpRX2FLOa7gtF9x108vq1YqcVo/67nuFr4VtNIvEu7bSvMSNg3kzAPGw9GXuK0tT8C+C/FUS/2VF/YOpvndBO2bOQ/wCy3WP6HIq4vjm0nQKbYhyM42EYqrN4iglOfLQ+wFfTU6lRLQJctzhrr4eeMtC1q20f7BdQ3N5KsNuhIeGYs2BgnKkE/wD18V7Dq3w50vw/o9h4Bura207w/DKmra8tqgil1y7A+RGH8EIIwFPJ2gkDJqv4N+I/h3wgb3xZ4v1j7JpGgWpuVWTLL5zMI4wF5zzIeMEZwcZAI8K+NnxQ1i08D33i7w9dh9V8QWl1qMdxql+z3KWoZF8xY8bd482MLGo4BGSQCaKjnWlyvZblQsve/r+v+Ach8d/iHe/Gn4z6V8KvDk4XRNKMc+rNAdkWyPDJbhQcGNQsZwe/psOfctJ14fETxUnh5Uhk8OeGbNhKAoWMMkZByeQSWxzgHqc8mvlb4ZWh8JeBr/xUxnOta6FtUe4QtcT3DMS5OfmY72bPrt5zivYtb8Zx/s9fCqzguFjvfEev3kIkiUZeRmYEqVHOAgYFuM4ODkiuuMVy26ApLWT/AK/pfi7n0x8ItTguI9ItfJkjHn6pJ+9b5ygWIMAP4lPPHPQc1ymmeH9X8YfHvVPDGl2thBYWMVjbTQumyEQxxTSTjjuyXjgHP3mBOcEV0WhH/hGNR06XUraSC4aW6jKW1mxZTsyy7YwdoPlLg8A5QZJIz5L4k1V4vH0lpqcMt5c6nNcRYhukSVZuZ9ocEKGiDNCOekQ5JrjlzOlNQ0k07fd/X3Hq1Pdpt9P82faes/D+a40hG0+9SJ5UEQCtjdknJDd+vpXlPiNvEumeJFu7HVpraDRZ/ICpjbK5+Vy3qM8fhXzpJ+0p8U/hvrCaalzq91oykbLXWFIkCjqEfHSug8KftG6J49hubbX47fQdSgG8xNP/AKPcqCTuRjja3PKH8CcV8XHh+M8dCvVWi/Hz+XTseBjaUpU703fvY+wdB8beGfE+iG31Exw6hboEmVmGc47H0NfK/wAZtPm0jxNqepwaVFPBCYpXuFG8+SI2VicdTtb881nX/iKG5lFzp2uxQiOdZF2zgsWHPIB6dOtbN7430O+8OTHXzFEsjvHbXkUzJIeMElehjyTjHTHoax4syTMHGlXymEZRg1dbS07aWl+DXn05Kdd4lqk1qjx3wobeGwnOnStHbyXUjJhj8w4Gf0oqCbVtGhcx215bvGC2GVxg/MeaK9KhTcaUVONnbU+toqKpxXkdVZ38ZXOZH9Dg1cd45xvRHBHWqNnlEUrtz1wcdatG5ZiWLIPavqKbWx480+pyHxgaNPhV4lQxlkaGAsp5yBcR/wCNeS/FOLWf+Fd/DIeHpfOu72FtPWWQq2Ld1DhAeuFeBTgnGQAeCMevfEdhP4S1a1VnBntJgBG21iVQuCB3xs3d8BSe2a8X8dT6lc/BfwPquhE+fpd0wiijQu8s7o67Qqg8nlR7sPrXVRcbyuZ2umjv/hP4c07xV4xsrEzwHQfA9ik90r4G+6dSqg5+6VPJJ5GOcVmRNdfFf4y6jrF4rzWWlTzeHtCMiiSNLxo3a4uihwrCKKN2C52vsVc5blnhZ9I074LLbeB9VuNJu9bgi/t3W9S3W6WtwynfDHAXV5XQBUUIrB5GBbamJK9Q+E3hPw38NfA1no/h2xubK61eNFuTc5+0xqWBKyHpubakjquAhMcbDfEzvSk6jcF1CnB1PcT31fp0PqHwxCkvhO4uijNMnlyKxPJYnJBPckE/jivhax8anX7/AEDW/EeiM8l6L3V7qyBz5bXLPIRkjqpmQcgcivuXwtP52gC1XCtO0kyrjoq4AH4dPwr4m0S01S6+L/i/wvb6Il1IbzUreJnLB7dxeF02cYYMiFCDj+E1lVipJwls9Ox68pzjCXJudNN8RLO1VbWG/gudNIw9jqemNMAP7uQSB9RisDV5vgZr0TS3UN9oF9j79hC8tuW9Sj8gewNM1jTbiyuZbS7tZLeeM4eN1KkH3BrnL60ODlQcVw08AqTVqkn6tP8ANHlyrKe8Vf5/5l290LXfEFjLbeEvFOk6+AAUAxb3qKPSN8H8ia4PxVqPjqO0tfD/AI0ivpbfTiTawToybBwCOeo4q3e2ERJzFtIP+elTQeOPFWm27WT6gdQstoT7NfqLiLA9A+cfhitamFhNWV0ZKdSLunf1Mmx8VeD7a3WK60m4WReo85j/ADoqafxN4cuZDLdeCLfzT97yLt40z7KQcfnRXO8C2/j/AK+40+tVP5fx/wCAe6W+qFMBnHTsSeavxaiqjJfIPTPeuIguRKBlwozk5/nV9LlSquJ93GOeM81smW3fRo6HUbfR9YRYtTsbe58rcU8yMEpuBDYPUZBIOOoJHQ18l/FWGXR/Fl5ounatfWFlpd9Fc2KLcyD7IRtcPHlvlIByCCD3r6ce7VFyHbOAevr2/OvPvi14Y8M694ZvtU1O2Vby2t5BDNvddrthQW2n5hwucgnAH0ocZTas9SqdSNO/Mt0L+zD8C/8AhdOpL4vk1uym0jRL/wAmz0lr5GvbiXBZrhoyS27BBUH5jyw+6xP1bqHgGOO7j03TYbq3MOY1iWJmWEense/J9a/O9bbRvD9ppvinwp4km07UbeIFpNOa7hY5BCSqzQqi71OCoZgOuWycd74Q/aS+MME0i6n8W9S8lGws09lb3Ek2VwMySKzggkeg4xzyT61KhPe1/Riw+JjRTR+lfgLw9qdqLI3LXCSQqyRz7SsbA53Yz16nIH418o/H6x1Lw/8AtGeKbiS/Fsbixsbi3jTh3BVV84FSQoDQ7eSDlWwMAk/PfiT9qX45azeWWnr8WNYMcqSuptBFbOF524eFFYcf7Xce+Ow0bVLrUbFdT1T5tRvN0l1K7M0kpycMzMSxJGDye9YYjDyUVOXc6I45Rckuqa+89V0X4vQSgad8SdBi8TWDL5ZnbCXsIA4KSjk49/zpv/Cs7HxrbXWq/C7XIdTELFjpdywjvI0zxweG+vA9zXlV3cZz83OeRms5dWvLC5S7sbmW3mibcJI3Ksp9iDmsjg5S/rdvdaVfTabq9nJZ3UD7ZIpl2Op9wa5u/ls3yPMQtn1r1Kz+NekeJ7SPQPjL4ct9fsVBSPUoYxHqFrkdVYY3duD1xzms/wAW/Aq21CwbxH8FfFtt4w00jzJLIkRX9t/sshxuPXspPYGlcdrHkcgtt5O8c89KKo3j3Wn3MlnqVjcW11ExWWKSMqyMDyCDgg0Uwsj1ZLu4BKCQ7R8wH+fpVy01C4Y4YqcqTyOnNFFcJ0IurdShDkg8HqPSuX+KGozWXg+8u0RJPJ8p9j5Ct86kglSGGcYypDDqCDggorSn8SM5HkenG4OjG3a/u2haL54zM21yepbuxOMnPeuS1xxZafO8CKGCuQTnIOB70UV9K3aGnY5I7md4WuJTqhlLEvvVN2SCFB6cdq+k9EuJW0WzYtz5C80UVw4j+DH1/wAzZfEJcyMh468c1lXUrsSxPPPP4UUV5q3LRhzSsG7cnPNQpqd/pki3un3UlvMpyHjYqeOe30FFFaAe3eFPjp4m17Ro7rxH4d8LaxdxHyftV9pKSSsigYBOfc9B3oooqFsRJ6n/2Q==', '2017-05-12 18:30:30', '00000003@qq.com');
INSERT INTO `user` VALUES ('7', '1e5f80bb347b99d02ee659fd8da2bb09', '', null, '00000004@qq.com', '0', null, '赖学委', '123', 'data:image/jpeg;base64,/9j/4AAQSkZJRgABAQAAAQABAAD/2wBDAAMCAgICAgMCAgIDAwMDBAYEBAQEBAgGBgUGCQgKCgkICQkKDA8MCgsOCwkJDRENDg8QEBEQCgwSExIQEw8QEBD/2wBDAQMDAwQDBAgEBAgQCwkLEBAQEBAQEBAQEBAQEBAQEBAQEBAQEBAQEBAQEBAQEBAQEBAQEBAQEBAQEBAQEBAQEBD/wAARCABkAGQDASIAAhEBAxEB/8QAHwAAAQUBAQEBAQEAAAAAAAAAAAECAwQFBgcICQoL/8QAtRAAAgEDAwIEAwUFBAQAAAF9AQIDAAQRBRIhMUEGE1FhByJxFDKBkaEII0KxwRVS0fAkM2JyggkKFhcYGRolJicoKSo0NTY3ODk6Q0RFRkdISUpTVFVWV1hZWmNkZWZnaGlqc3R1dnd4eXqDhIWGh4iJipKTlJWWl5iZmqKjpKWmp6ipqrKztLW2t7i5usLDxMXGx8jJytLT1NXW19jZ2uHi4+Tl5ufo6erx8vP09fb3+Pn6/8QAHwEAAwEBAQEBAQEBAQAAAAAAAAECAwQFBgcICQoL/8QAtREAAgECBAQDBAcFBAQAAQJ3AAECAxEEBSExBhJBUQdhcRMiMoEIFEKRobHBCSMzUvAVYnLRChYkNOEl8RcYGRomJygpKjU2Nzg5OkNERUZHSElKU1RVVldYWVpjZGVmZ2hpanN0dXZ3eHl6goOEhYaHiImKkpOUlZaXmJmaoqOkpaanqKmqsrO0tba3uLm6wsPExcbHyMnK0tPU1dbX2Nna4uPk5ebn6Onq8vP09fb3+Pn6/9oADAMBAAIRAxEAPwD64hVT1OKuxKKqQBauQg96xUTn2J3tLa5hMM8aSo2CVYAjIOQfwNT6fZ2djCtpZWsNvCvSOJAqj8BTIUIxVuNQME1cY23JciUIoORT1UN1NcX8TPix4N+FPh278QeKdVggW1hMyweYollAIGFBIzya+Xr7/gp/8MFjnGk+FNZuJY2IjDhFVhng53E+9XsNO+x9rFNvcc0jRlfevhHRv+CpfhqaRote8AXNsBKFVoLoPlMgEkMBg4zxnHFfSvwx/am+DfxWlt9P8OeLbb+0rhdwsZv3c3QkgA8EjHOCaRVmj1cqO61DMNvSrQ2yLlDUMqZPPahq4isR3qvMvPA5q1JycelV5A3UDNYtWKRWIwcUV5t8RvhVqXjPX01a11IwotskOz+0LyDBDMfuwyqv8XXGffpRSGdd/buiWwuXutVtIEs3SO4eWZUWNnxtBJIAzkY9+K24xnGK/Jjxdq3iO7t9P0wa213ZeJ7LTL8iS4LM00KywYkZjhcTNctg8fMGPNe+eB/j14m8VfHjwnbaX4oktPBXgqwNtdz3E7RW9zaQweXPeXAJwTI23Zu+6Wj43ZylVSZtPBySumffMYwQDXnXx/8AjV4e+B/gK58T63dRrKwMdnAWG+eXGQqjINdt4X8R6F4t0e28ReG9Ut9R027BaC5gbckgBIOD7EEfUGvze/4KQa7qHjD466H8PY7jZa6fp8WxFbcPMmclnIwMHCqOp4A9cVopWVzjUG5cp8z/ABf+NHjX42eLLjxJr9xLJn5ILdNxjiQHj5TkZx1Nctp/grxxqX+kadol/JHnIcQMQf0xX3x8IP2a/hh4L8AQfEfxfYtqtoZ0iGmtH811njO/cPUvgcYUg+g+mbv4d2/jPS/CC3FhoWg6HcyhrfT7Gx2SQq8LPtMgIU/JGowEHOOuBXJPFS+yj6ChlkUk6srL9ex+O1z8N/HcSl7nRroHnAZME96paHqniLwfrVrqtu1xaXFpKskbmM43Kc454Nft1rv7Pvwd8Q6TJptldGw1W3cjmcScdsoe2OeCOtfKPxP/AGT11Twld+I9P0+zutPQzLK9ucMojdlLkEDjK5yuTzWf1yadpor+z6dSLdOT07nvP7GnxzT4wfC+y/tO/E2u6dGIr04xk5O0+52gZ9z7gV7+3PWvy+/Yog8UfCj4/wBh4b1WGWHSNduLnTobp2AjmkjiEirg9Th1GcDJOBkgiv1BavQpz51dHh4inKjPkmrFWQVAxAHNTS9TVSYjcMGqkrohMYevWim9e9FZWHc/PT4t/sb3fw18NS+LfCnjWXVZbTyT9glswk7D5VkkR1Y8B2DYKjap5YkZPzjaXDwu1tLcSxwysqzhPm+UEH7uQGxjOCRyOo619x/FT9pPwXpFnNPDeWWtGxwbdC+PN/2zGAdwBePh8AuEYKAN6/E3g5dC8WeNI7fxVrA0Sy1O5d5r3JdLYsS3O4kkZ4yzcZyScHOE4W2PSwtacov2h9mfso/tCjW/Hmk+Am8O65qNzeWIsVvDeRR2mnW8KM4WK0SMBI8AKXaR3O1eSTg+PftF6Jb63+254gutcvodO0zTU00TXVw4WOJXhj+ct0AALH8K+ovgz8Nbj4NR2Nz8OdB8P+J7PWHWK71mJ51uri13Da6SAyw4G7cRmNG2gDnBHxt+0B431r4u/FjUPEvhjwvceHYNTjW3uPtD+bLePbF0R8Mu2L5FA24bJVzk9ne0LMyjBTrqcFojrvij+1P4av8AxHJp3hbTtWHhCwZY9PIhkjgYgHMqxMo8vJZsDAOMcAkiu20L9pS58baRY2g8VzT2+mKnk23lxxeUyrhW4QPkDjrj8a+cNI1j4qaVKNGL6fdWk4aOWK6RCNh4AG1Qc8n+H05o07w/r2leL7SwGgGd75N7QWtzEjqv8T/vGRAoPq3cA1y8seh79KvOLSlt5o+spP2htF0jS7221wxTLcBpP9InAy55OSeue9dfdftEfBj4h+HbXwT8HPElzY61q8i2i6Q9pMsU4lBDxAlTEp5zuDDoeea+Eda0y81WI+JE8PXGoWCzPH9mlkzJGynBR/LDgN7ehHStHS/ibDBNpsnhv4OnwrqmmypJbX8N3IsyXEZDK+PI9ccNkHkcjNCjdF1MRaafT56n2BL+0FY3viv4Wfs+2vwzePxHpusWclxqN+giW0MLkSNCq/MzvEG3FsD5mBB619mMccnpX5+fs5eLLD4wfH/Rfi9481DTtKv7VbmwhtXJSW71N44UXYg3KEKM5GW+9wBxmvv6ZyOAa7cMnGNmfN5nP2la62/q/wCJDIeTzVKQjNWJWwpx3qlI/OAa6jhi+ghkAPFFV5GO75TRSVOJZ+N2m6Jq/hq30fxlcaMbiyY+bNFOpEc8O8BkPco6OASMff45BI9Wm/Zm1/WdX0jxL8MV/t3wbrjpdQzLJG0unxMQxt7kfOBIikjOCDtOVDBkH2p8Tfhpfazpk2geD/Dmj3CPpM1rHZ3sG21MbtEjKsgGY5fL37CMf1HUfDP4OaT8KbaPTvB+o3KWMdxK0dtckyeXbSMXNvuBG4JIWeN3DOu+RckOTXP01N3im1dHIfs8/s4eJfg5qcOrWvxGnbTpxN9v0VLd/sl0GRfKkCO58iZWHzEF9wAAKjIr54+ON3pFz4z8WtBLJPr2ieIWttNiVDm4aV3XytnV9okkPHdQRx1/QWI/NjNfAf7Vvw5v/DPxziuPBlxci88S41uORztFvcl2Em1xzgGPf7b8elZVV7uhpgajnXSl1M/X9H8V+APAsPinxZoay3LyqjIkRtFj3dEUuJPMf1wR0PXFdl+yX8Tfh/4J8ceJte+JLSadfa9b21pp0b27XYht1LsUkkjTAOWBJKqOnoa8N+JXxd8d+LtQt7f4hyxx3mlwfZILZF8uJZMczFc4LtwcjjAGMCvKbW78V216w03UZLhnP3vMDBB9e1ctk3ofSL4bTd79j6N+IOs+H/CvjnxDbeG9NH/CJ67rM95CtnbKyJuAB2JwOcZAyBzjjHPPTazomm2zxaP4W1dZ7kFIXu7MW8aE5wRh3HfOMVheBJdah0i/j8a6ktxFtzabWBKNyS2Rxx2+p9q9hf4a64fg9b+NtL8TJrM0sH2vyIFBQQY5UHqZF5yPYjqOVZvY3cYpczdl5lv9mP4OaVc+LvA7HPl6E82qNldrzSR7AJfcNKpyfVCM5r70kYBsjmvmz9i7Q/EDeEJfGPiO18sXNtFp2nMerwRzTSyOO+DJMR/2z9q+jJHCj3rtoK0bs+SzGop1uVbLQjuWxgZxVGRxycdqmlfOcnk1RupEjXLsAByST0rpUkkcA0yHJorz3W/j18H/AA9qD6Xq/j/S4bqMAvGrmXb7EoCAfbOaKn21P+ZfeapNo7yBwwyTV+IjAIr5Ut/2stYiVYbX4aeK76THLSaV5Pzc8EtIo/Lj8akm/a48cwAbfg/qik/89GgH8pzivNWY0WT7KR9ZJwQRXhP7W/wi1nx34c07xt4PvJLfX/CazSokZwbm3cL5iZ9V2BhnjG8fxV5dqH7XHxalk2WXw/tLD1N1qUSgD3CCU1zXiL9r/wCMtg2zUG0CyiK/PEitcPjGcZKxgZHsfoaPr1Or7sE393+ZpThUhJSj0Pnn4h623jfUYo/EOjxQ3FpAttJgEM8isSSQeV68DtzzzVSx8LQ6JC39u/D/AFUxhfN81YbmIBOuSVwMY5zWP4g8RXM2qzaxcsH88gg8kKAAFA74AAGSSfUmvppv28fDuq6DLpOo/C6GWSa0NtvkvVZclNpbGzpz0oiubVn09Cq4pOKVzwWz0HRrpTdWYvLa2blYlupMOe2dxz6elej3LeN/hf4Gk8HT+N1hF5cLN/Y9qdzwqwO7MucgHjKjAJzyec+dap8QNAmtmWO3iiLjCop4Brf8JaZqni6c69rMdyyTNkNcMWlnOcZOecenep5+TVnTVn7R+4fpT4IvvCXg/wAIaN4STxPpLto9hDZuRdx/M8aBXbGe7An8aefip8OZZpYLbxto93NAcSxWl2k7p/vLGSR+NcdYfAPR7PwZpGqQ+CtDfX1tIjqMZsLdXklKjcQVUDcM4PY44568zqGrXWnyGza2NuY2KtGUKFD6EECuTE5lWwujhp3PlpYZSk22dTrX7Qng6wmNpZaJ4q1ObO1fsvh+7MRPb96yBMe+cCvPvE1/4p+KEhk8Qy3ui6EOF0eCfY8w5BNw6H5gQR8gO3g5LZwL51Xzozy24jqF4rLl1KZZCrP8ua8nEZvXrx5di4YeEdTGPgjwVYf6Pa+GNJWMc4+yR/1FFWrq+dpiYwrD1NFcCqz8zXlXY5R75raJsyKzSjJBI/CuMv73U9buZLLTIprqZBu2QIXYLwMkDtkjmtvSoX15iDGfs8YZppdhYKoGT16DH4DvjrWxrXiTQvDvhma38KeIfBuh3cDpPDqMWuSSK8qMG3qXtvLmYgEFN2VzjIxXrYHLJV1zPRHMN8PfA3xBaaO/iXxPCRckb4bFznYo53ye/ov5+g+XPi9NdXvjC40sM3kxymW4YE5Yknav+fb1r75+GPxe034neDrdlutHm8R7St7Y29wG3qGIMqKcEqQN2AWxnGSRivlP4h+ApZfEfiCW6VRKdQn2hUKkIHIQYP8AsgV7UcPDCr3UdeFp+1lY8NvESWEJtB4xjFYrWIyVUEc+uK7DUfCuqR3JNvE5VeMY5rU8N/DbWtUuVlu7cxQA5LPxQqkVuz1YUJt2SKHw6+Ho1m/ju7qDMS9P9qvsb9nv4e2up+NbBrmISW2mD7W8ZXKsVI2L6fewf+AmvP8AwP4Ju7q6ttB8PWMlzcPwFjTk+59B6k167q3i7xt8CbDQ9E8E+DrLX/FPiS7mtwkzsUjZRHsRjHwNxZiCWAAUnnJxjTUsRUV9kaYqSwlJxv7zPrtJ3CgIFAHXIzXmnxasNJdft72UU080bCbbA5lKxjIZHRSEPYlwRjgAng+P+G/2iPjZqusX2geItH8GaCE2xRXNy15bvDL/ABLIhSUfL6s0YPGCQc0eJtfOo+Grw6v4z0+7Nz9rY6je3cENtIV3JsgeRJUZRuABjiVTja0pdX3eo6SnG0ldHz977FyXwdfQ3bCO4mSOSBbiFPId5wjHB3IgO4KxRWMe9hvBKAdcvVNDvbK3tZbdDfLckqpiK/eZlQbUYiR/mZQSqnYThtpBxoalqdnY6fBjVbHSYZ4o5WET29nh5NqG4axmheVSmVEuXHyKGA54st8RPh3ouo3Oia34vSNzBGFg0+V9XaWJ4lZZImhTzkZGYqDKG3x4BDAgjhllOFne0bF8zRxNys1lO9reQSQzRnDJIhDD6g0V6NqDWPiOf+07PQPEWoRuMeY+kWlsynJJUx30scw65+6F+b5eOAVwvI5X0loPnR4v8PdFh1WOWAXdzaPp7W11BLAVJEzK0odlkVkcq0KbQylR1xuww7ib4cR+MdHh1PXvGPiKeS8XfPH50AiY9MqnlYj4A+5tz1OTzRRXtYdJUopdkc58Q3viHU9B8bDV/Dkp0nUrW6zHe2zN5oaK4SAN85YZZCd5x82TnjivqLxRqU3jL4feGPiFq0UKaxqivb3jwJsSYISAxXn5uO2Bz0xjBRU4j4DrwT/fI4eCxtTIXMQyParsPyMEXhc4xRRXhn2FBaH1b8MdD0zwl8L5vEWj2ypqNzphupLh/mYuQcD/AHR2H86y/CfwwstK1/UfCI8WeKLnTtXtW1ibzNR2TJeCRF8xJo1SQDvsLFOB8uOKKK97DpKCsfKYpt1p37nUR+CtdaVTJ8VvF7tbr+7J+wDG3oWxajf0535z3rw34meKfFfgjQ9TutL8RXFxPPo+o39zJeQQSm4ZrlYjGf3YCRYctsj2DcSepbJRXdA4o7nGeJPit4p8NfFa28B6dHppFtc2UX9ry2SHUpWa3EZleYYDSbJ3Xdt6Ae+fRdc1678EfEbQPgh4DgtPDWh6vaPPd3emwKl/IyggkzPu+ZgoBfbv9GBwaKKlLVlHa6v4E+HEeozrcfDbwzeS7syXF3YiaeZjyXkkYlnYnksSSTyaKKKmwH//2Q==', '2017-05-12 18:42:40', '00000004@qq.com');
INSERT INTO `user` VALUES ('8', '6095f9ab17bec007ba8dcb25cd164a06', '', null, '00000005@qq.com', '0', null, '习近平主席', '123', 'data:image/jpeg;base64,/9j/4AAQSkZJRgABAQAAAQABAAD/2wBDAAMCAgICAgMCAgIDAwMDBAYEBAQEBAgGBgUGCQgKCgkICQkKDA8MCgsOCwkJDRENDg8QEBEQCgwSExIQEw8QEBD/2wBDAQMDAwQDBAgEBAgQCwkLEBAQEBAQEBAQEBAQEBAQEBAQEBAQEBAQEBAQEBAQEBAQEBAQEBAQEBAQEBAQEBAQEBD/wAARCABkAGQDASIAAhEBAxEB/8QAHwAAAQUBAQEBAQEAAAAAAAAAAAECAwQFBgcICQoL/8QAtRAAAgEDAwIEAwUFBAQAAAF9AQIDAAQRBRIhMUEGE1FhByJxFDKBkaEII0KxwRVS0fAkM2JyggkKFhcYGRolJicoKSo0NTY3ODk6Q0RFRkdISUpTVFVWV1hZWmNkZWZnaGlqc3R1dnd4eXqDhIWGh4iJipKTlJWWl5iZmqKjpKWmp6ipqrKztLW2t7i5usLDxMXGx8jJytLT1NXW19jZ2uHi4+Tl5ufo6erx8vP09fb3+Pn6/8QAHwEAAwEBAQEBAQEBAQAAAAAAAAECAwQFBgcICQoL/8QAtREAAgECBAQDBAcFBAQAAQJ3AAECAxEEBSExBhJBUQdhcRMiMoEIFEKRobHBCSMzUvAVYnLRChYkNOEl8RcYGRomJygpKjU2Nzg5OkNERUZHSElKU1RVVldYWVpjZGVmZ2hpanN0dXZ3eHl6goOEhYaHiImKkpOUlZaXmJmaoqOkpaanqKmqsrO0tba3uLm6wsPExcbHyMnK0tPU1dbX2Nna4uPk5ebn6Onq8vP09fb3+Pn6/9oADAMBAAIRAxEAPwDQoopk00VvE888ixxxqXdm6Ko5JNf0U3bVn867mV4q8W6D4M0mTWvEOoRWltHwu4jdI2CdiD+JiAcAV8i/Eb9pDxr4vnn0/TJ/7F0jeV8q1crNKmf45Rk5xxhSoIz1rn/jX8Vrn4k+J5ZldotMtWMVlBk5VM/eYf3mIyR24HOBXCQvcxwAxRKsgI2S5IZT2IP9MV+U8QcUVsXUlQwkuWmtLreX/AP1fh7hajg6ccRi481R62e0f+D5/cb1naS3BW6unZo3Bl37iMDIUsXbjGcDlsA9+tdXZ+IbW1tWsoJYFuAnlmFoDDcqrR4DrtGZDgg4IKnAzwST5mguhI88t0qbySRC3lgnBwcDgfl61OI4Lp0R3kDAkAk5GevHsT/PtXxjdz7PY9b8O+LdXilu00q7eKEgyTRwqsse0A8tGpwWA53DHT14rc/4S3TL91+0mIQzOru1rKWLAE/IythgpGM9eQOg4ryzS7EWyebczmFkQyCTd98fwjHvggn+Ec84waeseItTlu5bixMMasysViRQN2Oe3IPc98ckkkmWrjTse6x65ptiY9W0rba4JKT2lw5x82ANu7bnPALJkkZGQDn1X4bfEmfxC8ul6u8BniI8qZZATKp6Z4GT24A7etfHNh8QdWs2Ypp9o7PncHjyrqTkgjpyMj6YP3gDXsnw0+JGn3N/Z6dP8kUtyLdJ1jCykNzEWUZAJJUHn+E85JJ9jJ83xGVV4zhJ8l9V0a9PyPIzjKMPmtCUKkVzW0fVP1/M+qaKwPCfjDTfFcVwLRglzavtmiJB4PKupHVSO+ByCMAit+v23D4ili6Ua1F3i9mfiOJw9XCVZUaytJboKKM0VuYEwhFeUftLeLV8J/C6/gjcLc6wy6fHh8FUbJkbHUjaCpx/fFey/Z/9k18qftyOyDwfbB9o/wBOkIzwf9SM49v6mvBz/GPDZbVnDe1vvaX6nvcPYSOJzOjCe17/AHK/6HzLa3G64V3iV1XpvyMnt0rvvAHw7vfiFfNHYv5UKMqzMR8uM/8A6/T/AA4fRYTNJvVfmHJduQB+XvX118DtEg0Lw5E4j/fXP7x2xjvx71+B5linhqV47n9AZVg1jK3LPZbmPpP7L2iSzp513NKcgOMY3jvkflXqXhb9j3wFdIJpbFgM5x5mQT9TXb6E0IuEdwDgDA7471674eDmBJgEXI44/KvmXjMTUes2fYRy7C09oI+dfEH7Emm39ws2kXexQ+9o3c7OcbuOeuBn8PQY37L9gn4f3FoPN1C6SdkCkqAwzxyAec19LW2x19gK0LGRS+05Cr+pqo4vEfDzMHl2E+LlPj3Xv+CdlrBM15ousLOnG0SLgcdmGea8/wBa/ZRvPAUMer30+y1tpAfMkB4YgbSRkgcjq1fpJI0jxeWudy9x0Ned/EDQodb8P6to8qrturZwNw4DYOD+eD+Fdax1alON3dHFPK8PUpycVZn506HreqeDfGWnasksP2RbyK2u2iI8trWVgrEhTnjIb6gcev1R5foor4w8aodOgv7ZlyInaN9ox0yCcA8c9PrjNfX3w/1KfxF4I0LW7jb515p8Msu0fKX2DcR7bs49sV+28C45ypVMO3orSXz0f6H4Jx5gVGpTxCWusX8tV+po+V7CitAW/qKK++9oj8+9my/9m9q+Sv277BgfB86pxtvlJA/65Ef1r7LFoR2z+FeJfH/4eN460/UrJ2V5oooVsEbHyyE7mIz04BHGOvPt8PxlmUMHlj9otJSjH063/A+94Jyypj81SpuzjGUvXS1vxPiL4a6FqOv61HZ2UIYnGXY/Kijkn3r7H8K6SNK0+3t924RjGSMZ/D868W+BvhttI1nULW6jZbi3PlujDDIe4x2PHNfRFokSRCSQLlSDjvX4Zm1f2lXl6I/fMkwvsaHP9p/oaFt4l03SLqM3GHIAZ1CjKj3r1nwn8RvBl2iRQ6gI2Y7fLdCMf0ryLRvEnw+0m+uZ/EF7bRtGYxImxpZAHYKn7tAzfMxAGFJJOBXTrP8ABvx74bfXvAmtWlxMEMqmEPGWCnafkcK33hjO2uBRtHmUX6np3fPbnV+x9D21zZXdjFNayBweMg9R2qO3urO1d5rqZEiD9WPHWvM/gvq9xrTrphuNyABgCelXfiBeWmj3txouo3p2zv58fzYYKc8DsanmVuY1tKOh6xaeIvDJhfyNWt94+YrvHQ+4rH1d4p9+w7hJxlT2Pp/nvXjfw2u/g/4k1qTTdI8Z2M2qISZbWK/UyAjrlM5HTkHp7V6Ha6ffWOrtFBdNLaAnCsckGtJzckk0RTi77n51ftA6RH4e8Va5ayjEgnYmLYe5IwBnkYwR/hX0v8C7OVPhH4W86TzGbT0cHOflYkrz/ukCuF/bO+Hs+ufELQTpFsqTa7ttt5OA8wYKMntwV59q980LQYND0XT9Gto1SGwtYrWNVAACooUAflX7BwDeUZV+yUfx/wCAfiHiJFU6kcP3fN+H/BIPs3tRWt9lPpRX6R7U/MvZGl9lPoa878VtCfFc1rOr4gt4hHz8pkY9T9BmvX/sZ/uV5X8U9Fmn1qNBiOGa2VpJV4cEP2PbGByOeT61+bcfuVbKPd2Uot+mq/Nn6f4c8lDOve6wkl66P8kzxHUPD1tofxA1y7tpQxvnjkYgdG2jP15zXX6dYf2qiaexH7xgPmGcZrmrp7u412a7vLo3E5YKZSPv7eM8ewrsPCM6x30Mx27lYYyPevxqpK7V+yP3OjFRul5m/p3wZ0fT4Z4L/wAOadqFndHMwkUAudwbnIOeVB57gV1dv4F8Dado8ZtPDdtp66bBJHa+S7J5YbllBXaSpJOQcg5Oa6/TZ5J7dUIO0qCcc5rnPF+r2unBrKYme5k6QRjO0epq1KUVa+gOlFvmsc/8AJpNP8UOsoOA+VB6bQa9F+L3wng8fyvN58oJC7kik8syKpzsyOdpzyO4GDkEiuN+EiQSeJvPaIK0uAFA6Advr/h7V9Ba0s2l2kk0NqbiRBuMagliO4A78UqK0uwq+9oj5d0P9nD4ZDxHPq+s+Cbs6hck5mF9IoRmYsWQCT5CXOeAOp9TXu/h7wjB4fsooBqN7dxwptje9lEknXjc4ALcYGWyfUmnafruk69CJ7aZc5zjIzXQ6p5FrpKiOXcTyfUfWujmdRc0nexjGlGl7sVa55J4h8N2WveNdNmvI1cabHdTw8ZxKDHtxx/tZ+gq0LPHatzTfJluby/ywljGyNgDxkdj07KPpmk+ye9fp/h/UnHDVb7XVvW2v6H5H4l06csXRS+Lld/v0/UxPsh/yKK2/shor9B9sj8z9h5Gr9kPp+tc1458Ef8ACUaYI45/Ing3MjckMCOVIBHUgfl716D9i/Ok+xj+7Xg4unSxtGWHrK8Zbo9/B1K2BrxxFCVpR2Z8F6bO097lgDhR/L/69dTpsy210h2kYw2QfeuYurSTw54pvNLuDk211LbM2MDcjlf/AGWuphjUyoxAIfgE/pX4JiYunUcex/RuGqKdNTXU9c0fxjBb6Wm45KjoBkk46Vyesx6vLM2u2DRXVzLuZkkk29egB9hXI65qGrWcCWmmo0kr/wCrAHQ9yT2+tZi/FBNGvfsGu2t5BJEACrICpGOoYHBBrWkvaLUlym37p6L4e13XPD+rwamuircPIeIbQlyDjkYIBPrxXtem+K/i74i1G0fQfBcFnpM0H+lX2pXSowcH7iQqGY+u449geteLeBvjh4AsrpUmsbuCRzta4mSIBQeCMbi2Ovau/wBL/aK8JrI2naRZ6jcSR5IEDJKWB77A2etdUKShLqDp1pRuoox9d0vVvh14qmlnuWmsNSuJJ1bB2RvI7OY8dgCTj2xXfrr8dzpQnaYsGXg/4VwviHxqfGNwLO80HU4oJ03f6baNAwLcqdrgEH8K07TT1sLKG2MpdV5H+6BXLJKM2lsOFWTjdrU6jw1B5tnK3lthpc7sjHQDGPrzWt9jGPuVP4Z00xaLbMybTIvmHPcMcj9MVqiyPb+VfseQYaOX4CEEtWrv1aR+FcSYqWZZjUqSekW4r0TZh/Y/9n9KK3fsZ9P0or2vbng+wNT7KfT9KPsbH+H9K2/sf+yK+S/22P2ttD+E/hnUfhv4G1OO78balE1tO8D5XSIXGGdmH/LYg4VRyudxxhQ3jzxEYR5pM9inhZVJcsUeT/GTV/DniL4n+Irvwndwz2BuQvnQqQjXCKqTEZ6/vVf5hw2SQSCCaulahK0KRSgh48DJ9qxvgbptj4s+B+i6/psSvNoN1daVqqhcMpaUzxP7jEwXPrgduOzi0UW+GRQyH1/lX5DnN1jKl1a7bXzP2fJaieCpxTvZKL+WhsaPJb3UmJDkuoAI+nTNO1Hwjousxtb6jZCRgC0bKNrr+NY8Rm0qdXjJ8gnJx1U16H4W1bSdQIjvDECMHzK4aTu7o9PnlTd4uxy1l4XSwjSP+whcxryr3Fksx6cc7eleteANB+02sX2wAQIQ4hhi8qNvTKgDJ4+lbto+lxw4WGJgOeB2rZt77S4LQNGypkZORiutV6m1zZ4upKHLfQxvHkcUsMc0cezyWGMDt6Vk+FbabxTriaZCrNDH+8uX7LED/U8D6+1UfFuu3es3JsNKi3gsI1JOFLE17h4G8C23g7Q4tPj2yXcgD3k4HMsuOef7o6AenuTXrZHlv16vz1Pgjq/PyPlc/wA2/s/D8lP45XS8u7/rqSpYqiBEjAUDAA7CnC0/2RW39kHWj7IPev0v23Y/KfY3MT7IPQUVt/ZB2NFHtg9ifLv7fHx1+IXwk8P6ZoPgPUIdNOvwypcXqRk3US8qRE+cISD94DcDggivyl1q6uLy9kuLqZ5ZZXLu7sWZmPUknqaKK8TFt3SPfwSXK2fXv/BNnVbubxX4x8I3BWbSr3TYrqW3kG5d6yeXwOgBWVgfXC+le9eINFsdI8Q6to1orm2tZykYdskKQDjPfGaKK+Oz9L2cX1v+h9fw+37Sa6WOSu0A3r1GSDmsCffYSfabSV42J6K2B1FFFfOUP4lj6ap/DNmy8aeILMiGO83Bm6uMmt/SPE+uaxf/AGa8v38kY/dphQfr3oorvjFcr0OOUndK51WuWEGoeAPFzzb1Nr4d1W4iMbbcPFZyyL0/2kGfbivG/gh+058XvDepaV4eHiBdT0yWWOD7NqSGcImAoCuSHUAdAGA46UUV9hw5pRl6nyXESTqRv2/U/SSDEsMcjAZZFY49SM0/YucYoor6K7PkrINi+lFFFTdhZH//2Q==', '2017-05-12 18:52:36', '00000005@qq.com');
INSERT INTO `user` VALUES ('9', 'db24ef4d71d81ea63c68159f7f4255a1', '', null, '00000006@qq.com', '0', null, '马克龙总统', '123', 'data:image/jpeg;base64,/9j/4AAQSkZJRgABAQAAAQABAAD/2wBDAAMCAgICAgMCAgIDAwMDBAYEBAQEBAgGBgUGCQgKCgkICQkKDA8MCgsOCwkJDRENDg8QEBEQCgwSExIQEw8QEBD/2wBDAQMDAwQDBAgEBAgQCwkLEBAQEBAQEBAQEBAQEBAQEBAQEBAQEBAQEBAQEBAQEBAQEBAQEBAQEBAQEBAQEBAQEBD/wAARCABkAGQDASIAAhEBAxEB/8QAHwAAAQUBAQEBAQEAAAAAAAAAAAECAwQFBgcICQoL/8QAtRAAAgEDAwIEAwUFBAQAAAF9AQIDAAQRBRIhMUEGE1FhByJxFDKBkaEII0KxwRVS0fAkM2JyggkKFhcYGRolJicoKSo0NTY3ODk6Q0RFRkdISUpTVFVWV1hZWmNkZWZnaGlqc3R1dnd4eXqDhIWGh4iJipKTlJWWl5iZmqKjpKWmp6ipqrKztLW2t7i5usLDxMXGx8jJytLT1NXW19jZ2uHi4+Tl5ufo6erx8vP09fb3+Pn6/8QAHwEAAwEBAQEBAQEBAQAAAAAAAAECAwQFBgcICQoL/8QAtREAAgECBAQDBAcFBAQAAQJ3AAECAxEEBSExBhJBUQdhcRMiMoEIFEKRobHBCSMzUvAVYnLRChYkNOEl8RcYGRomJygpKjU2Nzg5OkNERUZHSElKU1RVVldYWVpjZGVmZ2hpanN0dXZ3eHl6goOEhYaHiImKkpOUlZaXmJmaoqOkpaanqKmqsrO0tba3uLm6wsPExcbHyMnK0tPU1dbX2Nna4uPk5ebn6Onq8vP09fb3+Pn6/9oADAMBAAIRAxEAPwD9K9V8C+FJLORbPwjoQm2/IWsIsA/9814R8bvEjfC3Rku7bwJod7JcEhmXTI1NuBxu5XDD2Ndt4w/aG8NeCNQXTvGtu1msz+XFPFKCqnp8/OV615p8fvibYeJvB12mjtbyqkW5ON5yR3OcDNctfFQjSnyyXMvzMZSUtEz4J+Jfj7S/EXiPUNS1Lwxp1zNNIZCI7NEAA/3RxwK9C/Zp1Xw14n+INnA/hnSIlaynAQWg7Aeo56V4X448X+IvD10Ba6ZZ2kRkIdFjLyFD1ya9i/Zj8WNffE3QYljQ295b3SxhIwAm2FmI/Q185g4OeJpVGt5b3OeN9CD4maDo8fj/AMQrHpNmq/2lcYVYFAA3ngcV9LfsYaJ4VPgXxA+p6LpTpHqgO6a1jLAGFOMkdOK+f/ifGP8AhP8AX2HG6/mb82zXt/7HnhP/AISG21uS81F49OtLqCRrdDxI+1sZ9uK+wq315T0KHI5rndke03ej6X4zvRpXhzwhpVtpoDCe9NhEMjB+78tdZ4Z+GHgbwxaRQ2HhrTTNG277S1nFv3dmzt45546V09pbW1pDHbW8CQW6DakajBPt9Ke6Hds2jocKO3uaxjCz5pas2qYjmj7OCtH8/UhkRWDrHHGin70hUZPsBWP4ot1TR5DEiQqCpHAyTkda2y4zhBvkPX+6tZXiFN2lTqiGaRQuXPQc9Kpq6sYRV2eKa3HcR3Y36u8UcgPysq9RjGOnFdj8MIi6agJLlZ/kjZWC4xkP7nnpWLr0c/O6yJVhnG4cY9M1v/CuMIL7NkYXYRnJK/N970rKmuWqjdu9LU+MdWOs3GrXtxNqtxPLLcytJJNNI7M28jrzxwOKKt6/ZwHW7/NlIxFzKCdgPRz70Vcou7OJTVtyT4nzrreq3cmt6rMyXrl7kMMjPqua4bTfF3inw7q9la6XK+saYCVa3lCnjOAGPrWT4p123u9OttVuL+6umuYvllkPAGOu0Vysdxp85t9RsNeeGRXMkyBCWkGRwAOnSvgac3Nyne+vVdTh9o03ym78WdLl160luovDc8eotcs/31MSRkdOO4q9+ymLO1+JuiQzwXMF67XSmKQfKP8ARpMkdulT6eLzxBpAm03UBABnzCy/MAOuRWp8GW1aT40aAZr+OeOJrgOdm0sPs8gAAHT610ZdiJyxMKc/5l3RTnKpLU2/idFnx5rgAPN2x5Hrg/1r0j4D+IviB4Tg1Xwj4K0knWNYEF3JNJbllsoFVwCQxADMWHJBx/dJPHDfEuPb8RNUIHW8U8+6qa7/APZo+I8t78NL7xRq2tW1ml1fyyPf3UiRKI1IVV3HgcAnGepOOK+zxtV07JbM93L8NGvJuXQ5fx18a/j34S1p7XWtQ8RW81oHJnMc3lSED7wMSbNnfGMeuBXpv7LX7Yp+JWqRfD3x9LbJq07yQWOowMoW7dFL+W4HAcjIBGMlcdSC3TW/xZ8AapZve2Xjy1ngQlJJfMDoGOe/TnB614f8crvQdC8GXvjPw7DpqX9ndQ6hpt5ZxJ8l0sqFXG3+In8ec15scW4TVtbs9qtlinTbelkffDCONQjIUUg7UHU1l+IXVdImjnfyhsG1Eznr3xzVnTby7v8AS7a+utPNjNPBHJNE7Z8l2UFk9ypJX0yKr6yZTp08drCGYx7mll6ED0x1/lXsLU+bWj1PKtc+xsyGa7nUgkKwLZGR7iug+F7IZb3y75p1Aj4fHy8n0A9aytZtNQnHyR2vAOAwIBz9M1r/AA1S6hubqC5SFSEjP7ty38fuBWcFapsaOS9na58zXXgbxhrOq6pd6Pouo3VsNQuIxJDaM6kiQ5GcUVL4u+I/xPvfFOriPxdqdrDa309rDBYTi3hjjjcqAEXvxkk5JzRWkops441FFWsfKniLxO51RI4rYMkOFiLR/KO3Kj60yXw5oE6SXMl6VKSfKsJxuY81j+I9Qsp7SZIL64ilbc6yrwrZ6DiuT8H2epXy30tpq10PsrEuyIWIbHXd0ziviPZfu7p8pw8i5bnrWn21r4Y06SfRdWvbgMC728gGD/Wt34CeKXu/i94fXzDG13LMssTDnIhkI/kK8fg1TxvNaqum+ZOkcvzF3AkkB7DNd78FNUt2+PfhVJbBrO4lnYbG+b/li+7n1rTL6HLiYuWruvzHDu9T3rxrBaSfFiaK/kEdtJqFsJmI4VCI9xOeMYJ6112o+BvhXpXhKXwv44lNhbLez6hbm03KBLJguy4I3YcsBuGemADXGfFWND431TjjdEQT/wBck5rD1zWpIbLwfpl8Fl03VLNp45HcqHja5lBIYdOxDA9xg19RmVJyjzr0Pp8mrxi3TkvP9Dq7PQP2frDwNrPwjttYu4J/EN1bXc9tNazfapQDlNrBcHO1TgHpkMQSRSWHwX8MWMvhvwdoOsrqdtqWrWVw+8u0TiJt67lYk4JVQ2TyCfxzD8NdWi1uK9sLrU7eG2iymsm8trlmi64BdSQOuBtPPUmu4+A8+pXPiiXVtP0p7x4Ea2spWwy+bn5pQF4yApHQKC57rx5PJecUmfTVXFU5W1fqfXmveIdK8P2Ju9Zu1Uc7IuuW64A715N498S/EnxxpV/pngO3az3WxKXPChMrkZY9/YZrpdH+G91qbLqnj/UGuJXO8WisQqkjoSOv0FdrcWyRaPNDaW6WNtHCyKNoBwB0A6D8a9lxqVN9F+J8rGeHwrvFc8vP4fl3PkDR9G/aQsYr6PWtRe4K2rfZWM0bYmBG37uD03da9X/Zwbx0bnVYvHS3IuwsBQysrAjdztKk8V0t2syhdt6rAtjJQf0rU8B711m5V5UYLEv3Fx/GPenTp8k00xVsV7aEk4JX7I+NPiDd6va+PvEsVisgiGr3f3UyM+a2aK6DxotzH458TKqpj+2bzGUz/wAtWorqle55KnFHyd4svbXQo76FEhvsfu7dX6AeoHevPdP+Jcmgw3FpaxfZYp5N8sKD5XJHc/561veKZbc2hnt5lihZvuySFnGeg5rz1dQsrPdE+kpOzv8ANNId2wew+tfJ0qSqR1VzmjqmmdhpWua1eRpeWej4iJOyeeYIp9lyctj2Feg/Df4n+Hvhbrz+MdW0iPXtYWIpaKk5jit2I5bcVLE+wA+vp5D4o1uGyu49Ps5FKwxKGw3UgcEfX9c5rFfU2nDKzcdc9+vSv0DCZHg8I4za5pq3pcyjKTV9j2rxn+0Zrnjq51G81CS1sp7hV3wWkEiIy7QoG5yd3ygZAPrwa+uf2eNF8LftO/svWGia8gtPEHgt59Liv4cLLCq/vImPrHtkAKsf4WwQea/Ni01CVbj+z7x8xv8ANA5zgNxlT+WQfqPSvp79hjVNN1T4i6j8JPEN/fQaX43sjCsUFw0cct1AGkjWZV4dDGZ1weMsmeOnZiYQq0nDlVl5HRRnKE+ZOzOg+H/w18Z+LviJffDHTPiBo95DpzSCebT9Yjmi8pT8xEaSFiexQLwWG7AOa6b4d/tmW37NPxV8YfCfWPDja74V0/U3ttPuYCq3toyACQfMdsitIJG2FlIdmIbHA57RPgro/wALP24LXwDo+tS2Nj52+2mtYj5tpPNYvLGkfbCyOoC7TwcV88ftQ6PqOh/H3xtZX0kclz/aTXEksMDQq7yZkLBDyud+cV5dDAUqbd1e/wDWh3VsbUrRs3oj9fPhT+0z8FfjKY7fwb4vgOruoJ07UcW12hP8AQnDkZwfLLDJ616RfFXs5nUG5cQuTnhVJXsen86/n80rVZ7bZJBLIkke192SCDnIb65zX3z+wp+1d8R/FnjyD4P+PfEtxrWm6hpt41jJdkPcxTQxGXHnH53UxxyDDZOduCMEGsRgeSLnB6GEat2kz7DuZZshTZINxxw4P9Kt+CL2KDVr1rtkhWKIs8jkAABh19qztX1bQdEthe6tqJtIFyxaWQoBgE/xYHFeW6W/iv47a7LpHgu5uPD3hPeXudbmjxPexgruFoh65B4lPyDJxkqQfOVPVNuyOiU0k0hfG3xn8EeG/FOpWMCeCLQSXEk7fatMN5NMzMcyu7OhBb+7jAx1NFeS+OPhx4T8KeMtZ8P2VmssNldtGsl4VmmfgZZ3cEkk5PoOgAFFbc8lpY5XKLZ8T6/omr2GbaeMztCDK8h+ZT+FYdvrc4t5LiTTokeL5YvkA5x97/gOQeAeSB3zXumqaZY+I7W6Gk6vbWoiUYt5vYdS3U18/wDjm8utPtxZStuvLktGioMfIGYBiB3+9j2YGvD4eUcbWSrr4Vf/ACOXmvocrqVysk81wJnkKtl3Y/6xs89etS6dqQngX5suADisfUGS2t/ssZDFR859+/NZ+kXxtpwXYY6HJ7V9q6/JOz6msaTcTuG2Xtusbttbg5HBB7EVueCPGWq+FfFGl+JLCcQ6toF7BqEDjIDPE4dHGO2QMj1rlLfVoHGzJHPBAFGoXGFivbRwZ4PmGSDvHdT7ECt5SjbmX9ISVnY++vjF460m+/aq8C/GfRTIuna4fDviKJZF2yCAiMMjj+8FjZW9wRXkP7fGmRWH7U3jRITu882UvB6b7OJsfhmvLfD/AMQrvV9E0h5LrdBoFsLW0XOWjiFxLPtJ7kNMwHsBjivR/wDgoFr8F7+0j4w1W1YHzY9NSLkcM1hbsPrgHP4VEEotNbWC2rR89Ws6lpnwijeVGDxgYHWuk+GnjufwB8Q/DPjO0Mu7RdUt74LG5UuI5FZkyOzAFSO4JHeuFiN1HAsSFFCqSGBOceh5qG0uJBqGHy5SPjBOM1NSaceXuaRTTv2P2z8V+HfDPxHk8O+JLwpqHhxEUrauhMFw8ihoJXX+KJt+dpBGSA3AIr0jwhG8evIAgVRA6jAwBwDxXgH7IXi//hN/2cfDN9qcPmyadbSaJqAwpEkEDlY25zlliMZ6cndjqMe7fD0mDxA2iXH724t4HaKZQds8Lfdfdk5PY89RnjIFeDUh7yt0djphKyafU+dfjPZyj4p+JCoGGvN3fui0V9M6/wDADwF4l1y98Qa5dai13fyiVxHchFUBQoAGP9n9aKtpNnLyM/Iz4Y+F/Efjj4gWugWdu0haQNdSKDtjjB5JA784Hua88+O89k3xb8VXNpCi2+mXjaVaKnIDQKImb042deOo96+7v2aPDUfg7whdaohVda13Tp5pLgbRJHGRtQKR9w4PJBHX3r83PHOo+fqlxtkyjSuy8ZZssSXbnqSc9fbmtslwaw1F1pL3nYxteSSOSvpQ6MxOc85rLQnPGc1pXiGSImPLcZPHGKz41OM9q1xF3VR2Q0RpWLyNhd5z7/WtmEb4jFuJPv2rAtpWhI44NdHaHdEsoXnpXXQ10Mp7h4fmuNMuZ7bzFNrc5VkLjKtjhgv4Ece3tXSfFvxXqfjHxe2tatdi7urm2tJ5ZSNu4/ZYkAx6gJj865vUIiqLcB3CqS2N3yg4649ff6VUR/NEUzkn90FJz6VolKCcHt0Ba6j5ZDJGNhZOeo7iqtjOh1GUlx8oXkjnpVi5jUL0+Xk5zzWRbC5e+ke1hLDcSc9BXPVm04mkVo2fp1/wTH1bxl4o8O+I/B2mXOnR6LpN8mozyzljOj3MewLGo4Zc2xJyRjJ654+1L/TtS8HXlpLpc7zvbq8lozDmZOs9qxxgcYaMZ4AOAAmT+Xv/AATz/aT0P4HePdb0vxrGI9N8TaekStHGTJ9shfNuoJwNrCSVSfVl6DOftLU/jp8V/itfQ2fgPwhHpGmQ3KzC5vgd7+WwYc4GAcYOAcgkZxXm15wp1m31NIxlOFl0PpVfEWkXsMN8mqW+y4jEi75VDYPYjPBByCOxBFFfPniX4OaB8S9S/wCEllWS1uTGILqBbqSMRzKSWACnkHdkN3Ujtiily1HrFaEXj1PMfCLf2V8JL27tB+9tfDd9IjMSTlImK5r8udafZctIEUuzHkjPr/hRRXp4DXBx9EcVF+8M08+do/iCaTBaPTEKnHQm8t1z+TGudtj84Xjmiisp/wAU7o/CyeVBjHvWzpLM8BJY8AEY+uKKK6YaVNDOfwkuoErasoPG0n9K2fAWg2fiG7isb2SVIxZXNx+6IB3Rxu6jkHjKjPtRRVYltN27F0Una5Db6da3pmNwhZYlQhQxAJYZOcc9qZhYRIsSKgTkBRiiirprS5jV3a8xdDlkTxTo5SRkZdUt4wykggMw5BHQjAwf519eR/FL4j2Q8u18b61GvIwLxyMcepoorzMVrM6afwonk+LvxIu233Xi29ldQEDOVJwOnOKKKK547Io//9k=', '2017-05-12 18:59:09', '00000006@qq.com');
INSERT INTO `user` VALUES ('10', null, '', null, null, '0', null, '僵尸100', '123', '/weibo/resources/img/default_portrait.jpg', '2017-05-12 19:04:18', '100@qq.com');
INSERT INTO `user` VALUES ('11', null, '', null, null, '0', null, '僵尸101', '123', '/weibo/resources/img/default_portrait.jpg', '2017-05-12 19:04:18', '101@qq.com');
INSERT INTO `user` VALUES ('12', null, '', null, null, '0', null, '僵尸102', '123', '/weibo/resources/img/default_portrait.jpg', '2017-05-12 19:04:18', '102@qq.com');
INSERT INTO `user` VALUES ('13', null, '', null, null, '0', null, '僵尸103', '123', '/weibo/resources/img/default_portrait.jpg', '2017-05-12 19:04:18', '103@qq.com');
INSERT INTO `user` VALUES ('14', null, '', null, null, '0', null, '僵尸104', '123', '/weibo/resources/img/default_portrait.jpg', '2017-05-12 19:04:18', '104@qq.com');
INSERT INTO `user` VALUES ('15', null, '', null, null, '0', null, '僵尸105', '123', '/weibo/resources/img/default_portrait.jpg', '2017-05-12 19:04:18', '105@qq.com');
INSERT INTO `user` VALUES ('16', null, '', null, null, '0', null, '僵尸106', '123', '/weibo/resources/img/default_portrait.jpg', '2017-05-12 19:04:18', '106@qq.com');
INSERT INTO `user` VALUES ('17', null, '', null, null, '0', null, '僵尸107', '123', '/weibo/resources/img/default_portrait.jpg', '2017-05-12 19:04:18', '107@qq.com');
INSERT INTO `user` VALUES ('18', null, '', null, null, '0', null, '僵尸108', '123', '/weibo/resources/img/default_portrait.jpg', '2017-05-12 19:04:18', '108@qq.com');
INSERT INTO `user` VALUES ('19', null, '', null, null, '0', null, '僵尸109', '123', '/weibo/resources/img/default_portrait.jpg', '2017-05-12 19:04:18', '109@qq.com');
INSERT INTO `user` VALUES ('20', null, '', null, null, '0', null, '僵尸110', '123', '/weibo/resources/img/default_portrait.jpg', '2017-05-12 19:04:18', '110@qq.com');
INSERT INTO `user` VALUES ('21', null, '', null, null, '0', null, '僵尸111', '123', '/weibo/resources/img/default_portrait.jpg', '2017-05-12 19:04:18', '111@qq.com');
INSERT INTO `user` VALUES ('22', null, '', null, null, '0', null, '僵尸112', '123', '/weibo/resources/img/default_portrait.jpg', '2017-05-12 19:04:18', '112@qq.com');
INSERT INTO `user` VALUES ('23', null, '', null, null, '0', null, '僵尸113', '123', '/weibo/resources/img/default_portrait.jpg', '2017-05-12 19:04:18', '113@qq.com');
INSERT INTO `user` VALUES ('24', null, '', null, null, '0', null, '僵尸114', '123', '/weibo/resources/img/default_portrait.jpg', '2017-05-12 19:04:18', '114@qq.com');
INSERT INTO `user` VALUES ('25', null, '', null, null, '0', null, '僵尸115', '123', '/weibo/resources/img/default_portrait.jpg', '2017-05-12 19:04:18', '115@qq.com');
INSERT INTO `user` VALUES ('26', null, '', null, null, '0', null, '僵尸116', '123', '/weibo/resources/img/default_portrait.jpg', '2017-05-12 19:04:18', '116@qq.com');
INSERT INTO `user` VALUES ('27', null, '', null, null, '0', null, '僵尸117', '123', '/weibo/resources/img/default_portrait.jpg', '2017-05-12 19:04:18', '117@qq.com');
INSERT INTO `user` VALUES ('28', null, '', null, null, '0', null, '僵尸118', '123', '/weibo/resources/img/default_portrait.jpg', '2017-05-12 19:04:18', '118@qq.com');
INSERT INTO `user` VALUES ('29', null, '', null, null, '0', null, '僵尸119', '123', '/weibo/resources/img/default_portrait.jpg', '2017-05-12 19:04:18', '119@qq.com');
INSERT INTO `user` VALUES ('30', null, '', null, null, '0', null, '僵尸120', '123', '/weibo/resources/img/default_portrait.jpg', '2017-05-12 19:04:18', '120@qq.com');
INSERT INTO `user` VALUES ('31', null, '', null, null, '0', null, '僵尸121', '123', '/weibo/resources/img/default_portrait.jpg', '2017-05-12 19:04:18', '121@qq.com');
INSERT INTO `user` VALUES ('32', null, '', null, null, '0', null, '僵尸122', '123', '/weibo/resources/img/default_portrait.jpg', '2017-05-12 19:04:18', '122@qq.com');
INSERT INTO `user` VALUES ('33', null, '', null, null, '0', null, '僵尸123', '123', '/weibo/resources/img/default_portrait.jpg', '2017-05-12 19:04:18', '123@qq.com');
INSERT INTO `user` VALUES ('34', null, '', null, null, '0', null, '僵尸124', '123', '/weibo/resources/img/default_portrait.jpg', '2017-05-12 19:04:18', '124@qq.com');
INSERT INTO `user` VALUES ('35', null, '', null, null, '0', null, '僵尸125', '123', '/weibo/resources/img/default_portrait.jpg', '2017-05-12 19:04:18', '125@qq.com');
INSERT INTO `user` VALUES ('36', null, '', null, null, '0', null, '僵尸126', '123', '/weibo/resources/img/default_portrait.jpg', '2017-05-12 19:04:18', '126@qq.com');
INSERT INTO `user` VALUES ('37', null, '', null, null, '0', null, '僵尸127', '123', '/weibo/resources/img/default_portrait.jpg', '2017-05-12 19:04:18', '127@qq.com');
INSERT INTO `user` VALUES ('38', null, '', null, null, '0', null, '僵尸128', '123', '/weibo/resources/img/default_portrait.jpg', '2017-05-12 19:04:18', '128@qq.com');
INSERT INTO `user` VALUES ('39', null, '', null, null, '0', null, '僵尸129', '123', '/weibo/resources/img/default_portrait.jpg', '2017-05-12 19:04:18', '129@qq.com');
INSERT INTO `user` VALUES ('40', null, '', null, null, '0', null, '僵尸130', '123', '/weibo/resources/img/default_portrait.jpg', '2017-05-12 19:04:18', '130@qq.com');
INSERT INTO `user` VALUES ('41', null, '', null, null, '0', null, '僵尸131', '123', '/weibo/resources/img/default_portrait.jpg', '2017-05-12 19:04:18', '131@qq.com');
INSERT INTO `user` VALUES ('42', null, '', null, null, '0', null, '僵尸132', '123', '/weibo/resources/img/default_portrait.jpg', '2017-05-12 19:04:18', '132@qq.com');
INSERT INTO `user` VALUES ('43', null, '', null, null, '0', null, '僵尸133', '123', '/weibo/resources/img/default_portrait.jpg', '2017-05-12 19:04:18', '133@qq.com');
INSERT INTO `user` VALUES ('44', null, '', null, null, '0', null, '僵尸134', '123', '/weibo/resources/img/default_portrait.jpg', '2017-05-12 19:04:18', '134@qq.com');
INSERT INTO `user` VALUES ('45', null, '', null, null, '0', null, '僵尸135', '123', '/weibo/resources/img/default_portrait.jpg', '2017-05-12 19:04:18', '135@qq.com');
INSERT INTO `user` VALUES ('46', null, '', null, null, '0', null, '僵尸136', '123', '/weibo/resources/img/default_portrait.jpg', '2017-05-12 19:04:18', '136@qq.com');
INSERT INTO `user` VALUES ('47', null, '', null, null, '0', null, '僵尸137', '123', '/weibo/resources/img/default_portrait.jpg', '2017-05-12 19:04:18', '137@qq.com');
INSERT INTO `user` VALUES ('48', null, '', null, null, '0', null, '僵尸138', '123', '/weibo/resources/img/default_portrait.jpg', '2017-05-12 19:04:18', '138@qq.com');
INSERT INTO `user` VALUES ('49', null, '', null, null, '0', null, '僵尸139', '123', '/weibo/resources/img/default_portrait.jpg', '2017-05-12 19:04:18', '139@qq.com');
INSERT INTO `user` VALUES ('50', null, '', null, null, '0', null, '僵尸140', '123', '/weibo/resources/img/default_portrait.jpg', '2017-05-12 19:04:18', '140@qq.com');
INSERT INTO `user` VALUES ('51', null, '', null, null, '0', null, '僵尸141', '123', '/weibo/resources/img/default_portrait.jpg', '2017-05-12 19:04:18', '141@qq.com');
INSERT INTO `user` VALUES ('52', null, '', null, null, '0', null, '僵尸142', '123', '/weibo/resources/img/default_portrait.jpg', '2017-05-12 19:04:18', '142@qq.com');
INSERT INTO `user` VALUES ('53', null, '', null, null, '0', null, '僵尸143', '123', '/weibo/resources/img/default_portrait.jpg', '2017-05-12 19:04:18', '143@qq.com');
INSERT INTO `user` VALUES ('54', null, '', null, null, '0', null, '僵尸144', '123', '/weibo/resources/img/default_portrait.jpg', '2017-05-12 19:04:18', '144@qq.com');
INSERT INTO `user` VALUES ('55', null, '', null, null, '0', null, '僵尸145', '123', '/weibo/resources/img/default_portrait.jpg', '2017-05-12 19:04:18', '145@qq.com');
INSERT INTO `user` VALUES ('56', null, '', null, null, '0', null, '僵尸146', '123', '/weibo/resources/img/default_portrait.jpg', '2017-05-12 19:04:18', '146@qq.com');
INSERT INTO `user` VALUES ('57', null, '', null, null, '0', null, '僵尸147', '123', '/weibo/resources/img/default_portrait.jpg', '2017-05-12 19:04:18', '147@qq.com');
INSERT INTO `user` VALUES ('58', null, '', null, null, '0', null, '僵尸148', '123', '/weibo/resources/img/default_portrait.jpg', '2017-05-12 19:04:18', '148@qq.com');
INSERT INTO `user` VALUES ('59', null, '', null, null, '0', null, '僵尸149', '123', '/weibo/resources/img/default_portrait.jpg', '2017-05-12 19:04:18', '149@qq.com');
INSERT INTO `user` VALUES ('60', null, '', null, null, '0', null, '僵尸150', '123', '/weibo/resources/img/default_portrait.jpg', '2017-05-12 19:04:18', '150@qq.com');
INSERT INTO `user` VALUES ('61', null, '', null, null, '0', null, '僵尸151', '123', '/weibo/resources/img/default_portrait.jpg', '2017-05-12 19:04:18', '151@qq.com');
INSERT INTO `user` VALUES ('62', null, '', null, null, '0', null, '僵尸152', '123', '/weibo/resources/img/default_portrait.jpg', '2017-05-12 19:04:18', '152@qq.com');
INSERT INTO `user` VALUES ('63', null, '', null, null, '0', null, '僵尸153', '123', '/weibo/resources/img/default_portrait.jpg', '2017-05-12 19:04:18', '153@qq.com');
INSERT INTO `user` VALUES ('64', null, '', null, null, '0', null, '僵尸154', '123', '/weibo/resources/img/default_portrait.jpg', '2017-05-12 19:04:18', '154@qq.com');
INSERT INTO `user` VALUES ('65', null, '', null, null, '0', null, '僵尸155', '123', '/weibo/resources/img/default_portrait.jpg', '2017-05-12 19:04:18', '155@qq.com');
INSERT INTO `user` VALUES ('66', null, '', null, null, '0', null, '僵尸156', '123', '/weibo/resources/img/default_portrait.jpg', '2017-05-12 19:04:18', '156@qq.com');
INSERT INTO `user` VALUES ('67', null, '', null, null, '0', null, '僵尸157', '123', '/weibo/resources/img/default_portrait.jpg', '2017-05-12 19:04:18', '157@qq.com');
INSERT INTO `user` VALUES ('68', null, '', null, null, '0', null, '僵尸158', '123', '/weibo/resources/img/default_portrait.jpg', '2017-05-12 19:04:18', '158@qq.com');
INSERT INTO `user` VALUES ('69', null, '', null, null, '0', null, '僵尸159', '123', '/weibo/resources/img/default_portrait.jpg', '2017-05-12 19:04:18', '159@qq.com');
INSERT INTO `user` VALUES ('70', null, '', null, null, '0', null, '僵尸160', '123', '/weibo/resources/img/default_portrait.jpg', '2017-05-12 19:04:18', '160@qq.com');
INSERT INTO `user` VALUES ('71', null, '', null, null, '0', null, '僵尸161', '123', '/weibo/resources/img/default_portrait.jpg', '2017-05-12 19:04:18', '161@qq.com');
INSERT INTO `user` VALUES ('72', null, '', null, null, '0', null, '僵尸162', '123', '/weibo/resources/img/default_portrait.jpg', '2017-05-12 19:04:18', '162@qq.com');
INSERT INTO `user` VALUES ('73', null, '', null, null, '0', null, '僵尸163', '123', '/weibo/resources/img/default_portrait.jpg', '2017-05-12 19:04:18', '163@qq.com');
INSERT INTO `user` VALUES ('74', null, '', null, null, '0', null, '僵尸164', '123', '/weibo/resources/img/default_portrait.jpg', '2017-05-12 19:04:18', '164@qq.com');
INSERT INTO `user` VALUES ('75', null, '', null, null, '0', null, '僵尸165', '123', '/weibo/resources/img/default_portrait.jpg', '2017-05-12 19:04:18', '165@qq.com');
INSERT INTO `user` VALUES ('76', null, '', null, null, '0', null, '僵尸166', '123', '/weibo/resources/img/default_portrait.jpg', '2017-05-12 19:04:18', '166@qq.com');
INSERT INTO `user` VALUES ('77', null, '', null, null, '0', null, '僵尸167', '123', '/weibo/resources/img/default_portrait.jpg', '2017-05-12 19:04:18', '167@qq.com');
INSERT INTO `user` VALUES ('78', null, '', null, null, '0', null, '僵尸168', '123', '/weibo/resources/img/default_portrait.jpg', '2017-05-12 19:04:18', '168@qq.com');
INSERT INTO `user` VALUES ('79', null, '', null, null, '0', null, '僵尸169', '123', '/weibo/resources/img/default_portrait.jpg', '2017-05-12 19:04:18', '169@qq.com');
INSERT INTO `user` VALUES ('80', null, '', null, null, '0', null, '僵尸170', '123', '/weibo/resources/img/default_portrait.jpg', '2017-05-12 19:04:18', '170@qq.com');
INSERT INTO `user` VALUES ('81', null, '', null, null, '0', null, '僵尸171', '123', '/weibo/resources/img/default_portrait.jpg', '2017-05-12 19:04:18', '171@qq.com');
INSERT INTO `user` VALUES ('82', null, '', null, null, '0', null, '僵尸172', '123', '/weibo/resources/img/default_portrait.jpg', '2017-05-12 19:04:18', '172@qq.com');
INSERT INTO `user` VALUES ('83', null, '', null, null, '0', null, '僵尸173', '123', '/weibo/resources/img/default_portrait.jpg', '2017-05-12 19:04:18', '173@qq.com');
INSERT INTO `user` VALUES ('84', null, '', null, null, '0', null, '僵尸174', '123', '/weibo/resources/img/default_portrait.jpg', '2017-05-12 19:04:18', '174@qq.com');
INSERT INTO `user` VALUES ('85', null, '', null, null, '0', null, '僵尸175', '123', '/weibo/resources/img/default_portrait.jpg', '2017-05-12 19:04:18', '175@qq.com');
INSERT INTO `user` VALUES ('86', null, '', null, null, '0', null, '僵尸176', '123', '/weibo/resources/img/default_portrait.jpg', '2017-05-12 19:04:18', '176@qq.com');
INSERT INTO `user` VALUES ('87', null, '', null, null, '0', null, '僵尸177', '123', '/weibo/resources/img/default_portrait.jpg', '2017-05-12 19:04:18', '177@qq.com');
INSERT INTO `user` VALUES ('88', null, '', null, null, '0', null, '僵尸178', '123', '/weibo/resources/img/default_portrait.jpg', '2017-05-12 19:04:18', '178@qq.com');
INSERT INTO `user` VALUES ('89', null, '', null, null, '0', null, '僵尸179', '123', '/weibo/resources/img/default_portrait.jpg', '2017-05-12 19:04:18', '179@qq.com');
INSERT INTO `user` VALUES ('90', null, '', null, null, '0', null, '僵尸180', '123', '/weibo/resources/img/default_portrait.jpg', '2017-05-12 19:04:18', '180@qq.com');
INSERT INTO `user` VALUES ('91', null, '', null, null, '0', null, '僵尸181', '123', '/weibo/resources/img/default_portrait.jpg', '2017-05-12 19:04:18', '181@qq.com');
INSERT INTO `user` VALUES ('92', null, '', null, null, '0', null, '僵尸182', '123', '/weibo/resources/img/default_portrait.jpg', '2017-05-12 19:04:18', '182@qq.com');
INSERT INTO `user` VALUES ('93', null, '', null, null, '0', null, '僵尸183', '123', '/weibo/resources/img/default_portrait.jpg', '2017-05-12 19:04:18', '183@qq.com');
INSERT INTO `user` VALUES ('94', null, '', null, null, '0', null, '僵尸184', '123', '/weibo/resources/img/default_portrait.jpg', '2017-05-12 19:04:18', '184@qq.com');
INSERT INTO `user` VALUES ('95', null, '', null, null, '0', null, '僵尸185', '123', '/weibo/resources/img/default_portrait.jpg', '2017-05-12 19:04:18', '185@qq.com');
INSERT INTO `user` VALUES ('96', null, '', null, null, '0', null, '僵尸186', '123', '/weibo/resources/img/default_portrait.jpg', '2017-05-12 19:04:18', '186@qq.com');
INSERT INTO `user` VALUES ('97', null, '', null, null, '0', null, '僵尸187', '123', '/weibo/resources/img/default_portrait.jpg', '2017-05-12 19:04:18', '187@qq.com');
INSERT INTO `user` VALUES ('98', null, '', null, null, '0', null, '僵尸188', '123', '/weibo/resources/img/default_portrait.jpg', '2017-05-12 19:04:18', '188@qq.com');
INSERT INTO `user` VALUES ('99', null, '', null, null, '0', null, '僵尸189', '123', '/weibo/resources/img/default_portrait.jpg', '2017-05-12 19:04:18', '189@qq.com');
INSERT INTO `user` VALUES ('100', null, '', null, null, '0', null, '僵尸190', '123', '/weibo/resources/img/default_portrait.jpg', '2017-05-12 19:04:18', '190@qq.com');
INSERT INTO `user` VALUES ('101', null, '', null, null, '0', null, '僵尸191', '123', '/weibo/resources/img/default_portrait.jpg', '2017-05-12 19:04:18', '191@qq.com');
INSERT INTO `user` VALUES ('102', null, '', null, null, '0', null, '僵尸192', '123', '/weibo/resources/img/default_portrait.jpg', '2017-05-12 19:04:18', '192@qq.com');
INSERT INTO `user` VALUES ('103', null, '', null, null, '0', null, '僵尸193', '123', '/weibo/resources/img/default_portrait.jpg', '2017-05-12 19:04:18', '193@qq.com');
INSERT INTO `user` VALUES ('104', null, '', null, null, '0', null, '僵尸194', '123', '/weibo/resources/img/default_portrait.jpg', '2017-05-12 19:04:18', '194@qq.com');
INSERT INTO `user` VALUES ('105', null, '', null, null, '0', null, '僵尸195', '123', '/weibo/resources/img/default_portrait.jpg', '2017-05-12 19:04:18', '195@qq.com');
INSERT INTO `user` VALUES ('106', null, '', null, null, '0', null, '僵尸196', '123', '/weibo/resources/img/default_portrait.jpg', '2017-05-12 19:04:18', '196@qq.com');
INSERT INTO `user` VALUES ('107', null, '', null, null, '0', null, '僵尸197', '123', '/weibo/resources/img/default_portrait.jpg', '2017-05-12 19:04:18', '197@qq.com');
INSERT INTO `user` VALUES ('108', null, '', null, null, '0', null, '僵尸198', '123', '/weibo/resources/img/default_portrait.jpg', '2017-05-12 19:04:18', '198@qq.com');
INSERT INTO `user` VALUES ('109', null, '', null, null, '0', null, '僵尸199', '123', '/weibo/resources/img/default_portrait.jpg', '2017-05-12 19:04:18', '199@qq.com');
INSERT INTO `user` VALUES ('110', null, '', null, null, '0', null, '僵尸200', '123', '/weibo/resources/img/default_portrait.jpg', '2017-05-12 19:04:18', '200@qq.com');
INSERT INTO `user` VALUES ('111', '32ef4dc924bb83405cdc57c1d6a22720', '', null, '4@qq.com', '0', null, '邓超', '123', 'data:image/jpeg;base64,/9j/4AAQSkZJRgABAQAAAQABAAD/2wBDAAMCAgICAgMCAgIDAwMDBAYEBAQEBAgGBgUGCQgKCgkICQkKDA8MCgsOCwkJDRENDg8QEBEQCgwSExIQEw8QEBD/2wBDAQMDAwQDBAgEBAgQCwkLEBAQEBAQEBAQEBAQEBAQEBAQEBAQEBAQEBAQEBAQEBAQEBAQEBAQEBAQEBAQEBAQEBD/wAARCABkAGQDASIAAhEBAxEB/8QAHwAAAQUBAQEBAQEAAAAAAAAAAAECAwQFBgcICQoL/8QAtRAAAgEDAwIEAwUFBAQAAAF9AQIDAAQRBRIhMUEGE1FhByJxFDKBkaEII0KxwRVS0fAkM2JyggkKFhcYGRolJicoKSo0NTY3ODk6Q0RFRkdISUpTVFVWV1hZWmNkZWZnaGlqc3R1dnd4eXqDhIWGh4iJipKTlJWWl5iZmqKjpKWmp6ipqrKztLW2t7i5usLDxMXGx8jJytLT1NXW19jZ2uHi4+Tl5ufo6erx8vP09fb3+Pn6/8QAHwEAAwEBAQEBAQEBAQAAAAAAAAECAwQFBgcICQoL/8QAtREAAgECBAQDBAcFBAQAAQJ3AAECAxEEBSExBhJBUQdhcRMiMoEIFEKRobHBCSMzUvAVYnLRChYkNOEl8RcYGRomJygpKjU2Nzg5OkNERUZHSElKU1RVVldYWVpjZGVmZ2hpanN0dXZ3eHl6goOEhYaHiImKkpOUlZaXmJmaoqOkpaanqKmqsrO0tba3uLm6wsPExcbHyMnK0tPU1dbX2Nna4uPk5ebn6Onq8vP09fb3+Pn6/9oADAMBAAIRAxEAPwD78jtvarUdsPSrMVvnotWo7bPOKSVyytHbf7NLcFLWIzShsAgAKpYk+wHJ+grRW3OOBXzH+3H8dbv4UaL4S8D6D4qh8M6x411JopNbkiE39lWMS5mnEYB3OSyqo2sPvnBIFNqyBK56d4t+OXgX4d3Wnw/EWabwxa6s0i2N/qMkAtJii7jmWOVljyASA5UnsDg46nwj448FePNPbVvBXirStdskbY9xp12lxGrYBwWQkA4I/Ovwa+LV1Hf+OvEN5oHj678RaYuoyQw6jfzyTXd6QRuuG3qDsJOdzBT04FZmjN4i063a6s7+1lgjDMZ4ypHyhS3OCeBIvTpnnio5mi/Z3P6CrXVtFvb250201Wynu7PH2mCOdWkhz03qDlfxq6Ih1AOK/Ab4c+KfGngbx3Z/EHwZrkuma7pT/a4LrzMLNESQVcH5XR8EdO/zKc4r9R/2W/23E+NXxJj+Gfibw3pvhi9u9EW8s4BfvPLPeox86HayKEbakkoUFv3eCTkMBSnfclw5dj6z8r2NM8r2q75R96a0PtVtXEVPKFBiyOBVryf9k0eSfQilYCn5B9KKueUfeikAyOE5IAqzHB7VPHFjsKlSI9cVQFWZoraB55pFSOMEszEAAepJ4FfiJ+2R8Wx8Y/2htW8T+HdX1D7Pot5Lp1vcWty6R28ECiPfHMrYBdvNPAGQRgnca/bPxb4XsfGPhfV/CeqGVbTWbC40+doXKSCOaNo2KsOjAMcH1xX44/tL/s36Tovxa1jQvCt2DpNtoGsajJK8EcTTz6bZzyyOsUaqiRmWLyhtA/1MpHQVFS6LppN6nyWuszQNJYeH4Xt1OcFHJy2eo4BBxgZ4zgcV0nhv4RfEzxFJHb2PhjVAt23mKxtnWMlhtbkjGGAA9MY7V9NfstfBzwrp62+r65pcF7dTMJFMqBgnHy4B44zX6FfDjw/oq6ddJJbxbmQBPlHyjua8SeZN1fZUl82e1HLFGl7Wo/kj8jdU+BnxG8JaQlxrqLDpsLMiO+4tlwDsOBnBP4Ej6V3/AOxP4k13Qf2sfAUD6V/bE8l3cWtpvYIyLNBKkkp3sAQod32lgSV4BbAP2f8AtL6HbXXhHVdNs04O0KoUfLhs7vbkda+MPhXo93oH7R/wu1aykeGVfF+kROwIBCPdxqw+hViPxNaYHFzrtqpb5GWOwkaEVKGz7n7dKhIBJ7Uvl571MIz0z70nlt6V7R4xCYsik8oip/Lb0o2EelJJ31GQeWT3oqfafaik0wJBGB2p6ocdKeqdMg08KAc1YDPLOCCBXBeMfgj8O/GdjeWupaBawy3ltf2z3NvEscpS8gMFxuYD5tyYB/3U9BXoPPYUHd/dpNc24H5L+EvFkXwm8Q6p4C8QeGSbnRtQudMe4j1C1OZIXYfLE0glOQN2AhOOcYr2TWfi38Q/B9xaJoHh5bjSNUt49QSeK1NzdXECxrI6xRtJEmcEgKXLEsMKeKg+Lvw4bw58VfiJemd4bu4u59ehjUAJIJ0Z1nXIySA7x5/2WFe1S6d4VPgzQdL1KyttVzptqsAUJLJG6xKNwXqCAvPAr5GrGMa8pR0sz6+jKUqEYyd7o8706PV/Eejza9qll4hhjkf5k1mCCN1J6gCJ3GPq7fWvFPh98GI/EPxpvtbuIdRhh8N6nDeaTJa20k0cF4n7+KaULj5EKrjJC7nXdlQyP9S+IdYth4Ug0i28oJnBCjHA6VH8C/Dn9r+J9S0uG/a2E1utxOVZldoQ6htpBxknYvPQE4rOgpOo40t2Ou4xpqVXZH0f4MuNWvPCmk3WvTRy6hNZwvcSRpsV3KDLBe2fStkqwp8MCW8KW8KhY41CIoGAoAwAKcVA6DNfYU4uMUmfISfNJtK1yHnvQVB6ipNo6ijaasRFtX0oqQj/AGc0UATYNKB7U4ClO1Rk9BQAm0+lIQRXmfxT/aO+FXwjkex8Ta+0+qhN66Xp8fn3R4yAwHyx5BBHmMoI5BNfLPxM/ba+IPi+C5074d2C+FbAjAu3Cz38gIPTI2RH/dDMD0YVDmkNRbZ6T+3lovh7TPBNr8RbnXtK029swdJmgvLlYv7QtLg7fLQHmR0Zt4UfwGXvXzT+zn8QL3QoYtC8L+CfCOlTK72zzyatJc39zyMMqCPcQVYYzJtwuRjpXz98X/hV4q8fyDxDfeJNQ1nWDCQ91f3cl00iD+HzHJJA5A/L2q3+zL8TPF3giS/8K3OnxtqemS+WBPDukMbfdBPVlBBHsCK8rGYdzftKSuz18Bio0V7Ort08j7F+JPjAeGYZBrIia6I3b4UKK5PQBTk5rS/Z41bxjH4uXxUthLKYNPvJ57YPsUwCJjFGxwQMy+VyRwTntXiei6b4+8YeOm8UfGefTtLtdNJ2JJexR2dmR95pjvJjdV5KygOoBO3g1956b4V0f4efD28udFe2vppbKS9lu12mOcLEzrtPI8vnjk8Ek98cWAwlR107Wtq3+iOrHYym6PKne+iR2Pgfx/4Y+IWiRa74Z1KO4hdR5sWcS28neOReqsP16jIwT0dfmKl74i8K6yureHdd1HS7tSfLnsZSjbQQcfKeR0yp4PQg9K9u8Afto+M9Gm+wfEfQ4dfso2Km/wBPVILxcDndFkRyEd9uzGCOSMV9Aqh8+49j7MwPSjaK4r4f/GT4bfE2EP4P8VWt3cAEyWUpMN1HjqTC4D7R/eAKnsTXbEEda0TuSJtHqaKM5opgTV53+0H8Qbj4YfB7xP4wsApv7SzMdkG6faZWEcRx3AZ9x9lr0VR3r5r/AOCgM17H8BRDYRGSS41yzUqP4giyybc9smMDPuKmTsgWrPgjw3p8cunw6m7bnuv3kjytu+dhnJJ5Oc45PJYd66v7PHFatPCuDE4WRdmNp+X/ABrmvCt7YP4es03u1pqCrHHcR8rHIpwobPIJZV6j9a6aKT7RLbiEBotUiltHA+758YJTnsSFkH/fPpWB0GjHp1vbNJcRyhjOMu4OAR646ds5HPByeBXpH7P/AII0XUvHU5sII9O13UtMmhtNVjjQz2DKRukTcCpdEEpXcCMomeM15zosjsqQy/LlVaJeAMHhhnPbnoSMEV6R8DtWHhz4j6FdjBRtRS2c9AFuF8knHTjzT+VNbky2Pk3xP8FfiB4d+Mzfsx3l3Lqmv6j4hht9M1K83OslpcZk+1gEkjj52IJPyyd6/TWy+GFn8C/gvqfgzw5rN7f6Bp2hT26x6hIHljuGjZWlRuPlkdixj6An5MA7a+AP2rviLr6/tSeO/GXhpHe88F69oLW6xKTJF9ihJZxjogm3hu3zjNfo58VvEGm638C9T8UaZMWsdY021u7WQnG6K4eMofXo6/nWi7mV7nxvcrbPDOLlZFjZirBd2AoxnlRkAcfQdxSW+j2kkcaWpSSLbujdACu3sAfpkZqSI+WxaM5KrtUx5BA6/gOTx+NENyYonuM4+ZsYGeBkKRnnoM/jWZZn3fhAQTjULS8ezu4H/cTQSeXIhzwQyc+h49BX2z+zH8R5/iD8NIU1a5km1bQ52028klbc8wUAxysTzlkZQSTyysa+LNRvGa/gADEtGGwGxxjAPPuB+lemfsnePU8H/FiXwjey7LLxXF5SHbkC8jy0WT2BUyL7l1pxdmJ6o+4sCilHTPryKK3IJR0r5e/4KE3t1B8HNHtbKQLLceJbYkH+JEguGI/MLX1AOtfJP/BRS9ji8D+DbLP7ybXzLj1RYJA36uv5ionsOO6Phmz0ySyuLmXTYjLaX5Ml/pfmbW3H700Xoe5/hbAztPJ1NLvLjTpZoL+dmgBj1KJzG0bKYmQS71P3WMZHA4baxHfHQaVaRNZRbInabO8u3JAzngEjj8a5/wASWcIvZr2XXZGleCaC4s92UdJYigbAJAIJBzxwT1JyMVsbHpFygtlV42XKZKgj7y5wVAHsOPcVfsrh2ie5iuPKDIxWZTkrgDDD6YBFYmlaxHqWk2V2spJe3jc4Oe2efx7VLbagbN5rMsF2pJLAzEgYPUfUE9B2K9+KZL3PPdc0afW/2gPiD4yvYzc6P4ilup5DBIu6PzZCxhdT82cZwVzg46V9h+FfFMXiT9hLw5dqxAitLTSE3EBitjfCAZz38u2Jr47sNG8Y2vjzxHPZeRLol+8VzaGWc5SYhfMChSSFOWPIxnGO9fR3wq03xPefCnRvAl48P9h6deXV/wDKmGkllnkchz/smWQYHU9fbGviY4aF5ddjbD4aWKnZaWOWsdF17UIml0zTJ7qNh8hjwsRPOPmb/E9a6DTvhtq97bytqs8Om2+nW01zchiRIsccDssgIBjCl/KjwWzmUYHTPe+I9Ga10V47OR0VIskI5jJPrnr/AF9K8L8QS6m1vKJvDeu6YGA3z6lqS3KTBThdoE8hH3j/AHeMcV51LG1alVQasmepVwFKhRdSLu/MzrTUre61ZSrq6LakKNoyfnAGPw/pVbUNRvfDus6d4i09zFeWN3HdQsCQVdGVl5PuB78Vxtp4mh03x/YaTJMVW/gmiUHjLBUdcfgjD867TxOg/s+N0TYQ4JJOT3H9a9ZHi7H6eeEPENr4t8LaT4osRiDVrOG8jGclRIgbafcZwfpRXgX7JHxY8OwfBy00PXtUW2uNGvrmzUTPy0ZImUjPYedtH+7RWq2MnofSlfGH/BQ92l1L4dWjnMJXVZivYsptcZ/M/nRRTnsOPxI+YZDv1mOP7uMkFTgjB/KuN+Mtxc6HqNn/AGVcyW8dyGinhXGyTAVtxGOuR1H8+aKKxWxsjZ8A31yNCsR5nBt41PuMD/Gr3hLU7zV/GOpwX0m+KEzQxx/woEmKggdiQBn1wKKKYHo+mWkEZLhMlSCM/j19etex/B+UvpN/A6qUinDoP7pZcnHpyM/UmiiuPG/wmdWD0qo3PFN5ObGWPI242kY6g9RXhPxK8HaH4cgtbzSlvxJcsRL9o1O5uFORuOFlkZV5/ugelFFeTQf+0o9rEr/ZWfMHjS5lg8Y6NeIR5sN1EUY9syRKf0Zh+Jr3LWyXsUYn+EH86KK+iPmDkUv763Z0truaFS2SEcgE4HNFFFF2OyP/2Q==', '2017-05-12 19:13:20', '4@qq.com');
INSERT INTO `user` VALUES ('112', '509450aa70ff4b29fea9d2adde3da34e', '', null, '675661454@qq.com', '0', null, '家电', '95033', '/weibo/resources/img/default_portrait.jpg', '2017-05-13 13:55:37', '675661454@qq.com');
INSERT INTO `user` VALUES ('113', 'fda3aefbbc53620fbedb58c026b583ab', '', null, '33333@qq.com', '0', null, '李易峰', '95033', 'data:image/jpeg;base64,/9j/4AAQSkZJRgABAQAAAQABAAD/2wBDAAMCAgICAgMCAgIDAwMDBAYEBAQEBAgGBgUGCQgKCgkICQkKDA8MCgsOCwkJDRENDg8QEBEQCgwSExIQEw8QEBD/2wBDAQMDAwQDBAgEBAgQCwkLEBAQEBAQEBAQEBAQEBAQEBAQEBAQEBAQEBAQEBAQEBAQEBAQEBAQEBAQEBAQEBAQEBD/wAARCABkAGQDASIAAhEBAxEB/8QAHwAAAQUBAQEBAQEAAAAAAAAAAAECAwQFBgcICQoL/8QAtRAAAgEDAwIEAwUFBAQAAAF9AQIDAAQRBRIhMUEGE1FhByJxFDKBkaEII0KxwRVS0fAkM2JyggkKFhcYGRolJicoKSo0NTY3ODk6Q0RFRkdISUpTVFVWV1hZWmNkZWZnaGlqc3R1dnd4eXqDhIWGh4iJipKTlJWWl5iZmqKjpKWmp6ipqrKztLW2t7i5usLDxMXGx8jJytLT1NXW19jZ2uHi4+Tl5ufo6erx8vP09fb3+Pn6/8QAHwEAAwEBAQEBAQEBAQAAAAAAAAECAwQFBgcICQoL/8QAtREAAgECBAQDBAcFBAQAAQJ3AAECAxEEBSExBhJBUQdhcRMiMoEIFEKRobHBCSMzUvAVYnLRChYkNOEl8RcYGRomJygpKjU2Nzg5OkNERUZHSElKU1RVVldYWVpjZGVmZ2hpanN0dXZ3eHl6goOEhYaHiImKkpOUlZaXmJmaoqOkpaanqKmqsrO0tba3uLm6wsPExcbHyMnK0tPU1dbX2Nna4uPk5ebn6Onq8vP09fb3+Pn6/9oADAMBAAIRAxEAPwDqCD361FdXEFtBJPcNtRFLH1wPSpRz/jXC/Fq+uNH8I6hq63qRRWcO7lMsXJAUA+5I7VzQjzSSPbPnr4lfGXxF4w0+axjMMemXJXEAG54wjnG5uuW2hvTn2rhdBluVRrtBMGtj8/UuowfnGOoGOo6cZq9oBsdV1b5rWQeex3IE+U5/z6flXoE+l6bpEJlsNJFwRkHLglPpxn8MgV60qsaC5EjenRctjnLXxZeyxO0cEOoBVzMkyKzYxjcTjr78jJ9ax9Q1FrpGV4zGythkCbTjupHSrlw80E6zQW3llDlT5WMHv07HuDWVrH2qSZblYeOhwOdvp+HGKUZK+g3Ta0MbRQ2n64xBwk6FDgDHJBH05AP4VPr0KX9q00ILNHliP5n8P8KS5tZIriO6CMuOT/h/Ko1ulRZgSCmdo98kf/rroUm3chpdDlZZ7yCTaJPlIypAHNaPh7xRq2l30V1b3skckTAq0bbWXnsRUOowBG6YQ/MOOn+elZeySKcnbkHuK7Eo1ImUrxdnsfoX8JfF8/i3wtbzXaSC5t0CTNIRlm+g7Yxj1ruAecCvkT9mLxlqdn4ph0OW5b7Jeo0exmz8yjcp4xz8pGff6V9dgHGR+FfPYml7Ko0SP3AccUUmwdlorARUAHtXl37Qt1qEXgY6bpdm07X822bELOEjX5mbI4ByB19/evU2A7CvLf2joXf4aXBikKFbqHcwH8JJBB9qqhb2iuWj518HatPbq8eiaMZpXGDPOflUew/+vXe+AfBOr+PPFNrpFxetPK7gtChyEH+12454rjvDuq2scUWiWFupmkwZJc8quPb+I/oOlfYX7Ivw0vLBR4ju7HZ5y/LKy4zyelVmFdYenKeze3c9HDw55JdEeteDv2bPh7peiwWGp6JaXk20eZJJGG3H8apeP/2Z/hvLp5aw8PwWgYDMkEahlI6dv5V7hDGI9i9MAVmeKTcrp0ixnK9Sa+R9rUScuZ3PRUm5rsfBPir9lyGa4Y6ZrEgQuflkQHj8MVwms/swz2X+ov2JBJYlePevsu/kiFxIqx85xyPSuU1zTLi4jk8uJhkdPWu2jmuKjZcxcsLRk7tH57+OPBM/hy+Nu8vmBCR9RXFTIqzrH0PbNfSHxr0VLe9AkA35/nXhms6UsZE6r93tX2uAxLq0lJniYmmoTcUdl8DJTY/EbQJbmQbWn2KOg3bTtz+OK+6kJ25Hevgj4LW0+o/EXw5ChYqL6N3JPRFyx/SvvZOFAB7VyY93qJnNNW0JQwHWimkEn71FcRmVee44rzL9oqJ5vhlcxQuwkku7ZUResjGQAL/M/hXpxyeoFXdJ8D6R8Qrr/hGdcAFlOrPJKPvQlR8sinsyttIqPaqh+8ey1NqUeeaj3Z8J/Dzw9qB8Y6fot5E63d1qKQsinJBLhO3Xr+lfrh4a0G08OaJa6faRBVt4VBCjkkAc/pXxD4Z+GOjWX7WGi6LpFxJcaXDcm+gncndL5e6Tk/xfMuCa/QGG2aVH8ojcBwD3rys3xH1udNrqr/ee1SpvDqUfM8c8S/Hi/wDDuqi2/wCEG1V7VWP72WJgzgddoAPt3rmNU/bD8L3MU1vceD9eh24Xi1GOvXJPTpXpOvTePzqc8Gm22j2UKWk8iy3StK08qoTHHgFFQFgoLFjgHpXyJH4t+Kuqatqer+LPDtnYWNvd+RbJNAbeWVS5wWVncDC7ckHbknBOKjD0Y1KTfKtPPUbX71R69OqPV9N+Iuk+Lbv7TpiPGkj/AHHGGBx+Vafjvxr4S8I6J5uoX8ccs0eVOc846Vr+DPAZ1HwBqHimfS1s7kxyhE2gHchIJ/MGvjLTNTvfiP40udC1qO4voPtqWsMAJAXcxA3MAdiAAszHgAHqcAzhcJDEzb2jHc1q1XT06mT8TPHWjeKb6SS3LcnjjgmvM7uOO7tplj5wM4Ir0D4g6Q2h6pqGjW/w6/s+CwkaP7YrvJ5m3ALK3KspOcMD8wAOBnA5CxNvIohC5aQ4O4YIr6/DRhTppQWnqn+R4daU5T5pP8/1Ov8A2TvDtvrPii81WRSRpkPBHQM5OP8A0E19fg7efSvA/wBj3QI9P8Ha3qrJ+9u9UaHP+xGikD85Gr30rurmxkuas7HPJ3eo0rv+bIFFSYH939KK5iSsBznPNdZ8M7q2t/FcNvdMFS9ja2BPA3MQR+ZGPxrlMehpVZkYMrFWXkMDgg+tY1aaqwcH1Nqc3Tmprod34n+Fd74L8a+AfFOlxxXFnotxdWk9zt2y+VdFseZ2O1mABHUNivedEnid1Z3+U96+Z9e+JfxCvbC2gh1ZZEtpImliaCMieJGyysSM5IGAw5Bwa968NXf2qyhnjOVlVXU/WvAxFKrhnBz9F/XzPbjWji4yfXr8zpdfsbG4tmG1SxH3lPevG7z4H6B4i1v7ZqokaNZBJs3YBwfavYpsG1wQc+1YtvNIL5YFYKozu+lROr7yktAoOUItJi6tp9ppPhS502xiVIY7VgqKOAMdK/LDRdYh0D4qag5HkRy30yYHG35ziv081bxf4U1K31nSNN8T6fe32mx7by2tp0d7bcDgSAHKZwcZ64r8rvicto3jvVrzSpS0Ud4x3gjBJPP6162Tx551IPqjGu3CCn2Z6x8TYn8T6VGzSkqnJYYOePpXhhsUs9RKFjhGzn6V10HjiY6OsEjksoxzUXgTwhffEXxE+nQ3K2yeU8005TeI16fdyM5JA69/avYwkJ4eLjLYwxc4VLSR67+zHaXNp4AuWnjaNJtSkljBHXMcYYj8QR9Qa9fBzjisrwx4dsvCuhWfh+wZmhs49odursSSzH3JJP41q857YNZzlzycjzJO7HAAdKKKKkRX2mj8KewyaYRjkg1BYo4JzXu/wo1GO98P28TvlogYznsQcfywa8IA5r0T4U6zb/YbyWzull+wXptrtVOfLYxo4B9wHB+je1efmcU6Kl2Z3YBv2jj3R7orJsIY54rLEUXnuygFmz/3zVf+1SYdyNkEZGOa43xB4W1TUFn1EeL9Tt/OjKG3tpFiQL9cEg+/6V4sJKTSZ6saTbte1yj8RdM0XTNMOgaRYQ6e2uzut3cRYRohsLM7N2+7gE9zX5j32k/Ztd1G2kuC0aXUmSesmGPJPevrT4saAyQXWkf8JpdFGUswmKM/XODgZP146V8laiJrPW5UmuftMaMwD7drE9vwr6fJ6fKpNPcjNKHsYxfNzeYXJjUiKLoOtfSP7P8A4W/sfwo+uXEe241Zg65HIhXIX8zuP0xXgvgnw5P418VWei24YJM+6ZwP9XEOWb8v1Ir7Gs7W3sbSGwtYljgt41ijReAqgYAH4V6NeXKuQ8KrO+xMMYziggHApQM8UuMc4NchiIB6UVKGBH3TRSEU88nNB5PFNJzih3SNGkkYKijczMcADuc1JoZPizxHZ+EfDl94hvmXZaQsyoTjzJOiIPdmwPxq/wDsO6muteA9enu7vz9Qutfubi8DHJDPHHtOPQgD8QfSvmH45/EmDxnrMWj6JdebpOmk/Op+Sefozj1AHyg/7xHBo+AXxf1D4M+MU1lY2n0m+2QapbL1eIE4kUf30ySPUEjvW+My2pXwMox+LR29OheDxcaOIXNtsfo4lxcaLcbJYmksweCBlox9O4rXebR9StBKLtDE65DI2ayND8U6D4v0W017w/fw3lneRq8UsZyGz/I+xrj/AIi6PDHaS3cbTWkrAky2spjLH1IHDH6iviYqz5Zbn07XMcn8StK8Hwy3lxA8CTgEySkgtjFfCnja7s7jW7prRAkSuRu9QO9df8U/FXiHTNXuoINTuXRztLTkMWH4AV41rmo3a2j3c7ksckZ4Ga+zynBSornbvc8nHYhS/d9j1j9nv4i6J4f+IE+iarcW9tDqVoIkuJiBtnDgom4/dDDP1O2vrVex7Gvy4iuJGaaRnJdwxyeufWvtP9mf41WPjHwza+EvEWqKuv6evlRmd8NeQqPlIJ+86jgjqQN3POPUx2EcV7SPzPG5rvU92Bp6tx1/OowRngUvWvJGTZ9hRUNFAFbOBnAr5e+NXxL8V6nqd14UN2lrpsL7Xit1KGbk/fYkkj2GB6jgUUV14GKdXUms7RPK04kC9sVeX5eBRRXtnH1PZ/2XPiL4q8N+PrXwpp1/nStRYvLaygsiv/eUZ+UnvX2142cy6UxdV+ZckYoor4HPYqOOdl0R9fljbw0bnwF8b4Iz4l244Z+fzrw74hyvHdixTCwxICAPXA60UV9ZlGsIeh5mP+OXqcdGPvfQ1PbMURSpxlc0UV7ctjzWdv4Y+MvxP8IENovjPUViC7Bb3En2iEKOyxyblX/gIFfT/wAA/jR4u+I8hs/EUGm5iUjzYIWR3x3PzFfyAoory8wpwUOZJXDqe40UUV4Zof/Z', '2017-05-13 14:05:13', '33333@qq.com');
INSERT INTO `user` VALUES ('114', '5f10bd9a4425a4e0fb3010a2acb31600', '', null, '222@163.com', '1', null, 'Anglebaby', '9503395033', 'data:image/jpeg;base64,/9j/4AAQSkZJRgABAQAAAQABAAD/2wBDAAMCAgICAgMCAgIDAwMDBAYEBAQEBAgGBgUGCQgKCgkICQkKDA8MCgsOCwkJDRENDg8QEBEQCgwSExIQEw8QEBD/2wBDAQMDAwQDBAgEBAgQCwkLEBAQEBAQEBAQEBAQEBAQEBAQEBAQEBAQEBAQEBAQEBAQEBAQEBAQEBAQEBAQEBAQEBD/wAARCABkAGQDASIAAhEBAxEB/8QAHwAAAQUBAQEBAQEAAAAAAAAAAAECAwQFBgcICQoL/8QAtRAAAgEDAwIEAwUFBAQAAAF9AQIDAAQRBRIhMUEGE1FhByJxFDKBkaEII0KxwRVS0fAkM2JyggkKFhcYGRolJicoKSo0NTY3ODk6Q0RFRkdISUpTVFVWV1hZWmNkZWZnaGlqc3R1dnd4eXqDhIWGh4iJipKTlJWWl5iZmqKjpKWmp6ipqrKztLW2t7i5usLDxMXGx8jJytLT1NXW19jZ2uHi4+Tl5ufo6erx8vP09fb3+Pn6/8QAHwEAAwEBAQEBAQEBAQAAAAAAAAECAwQFBgcICQoL/8QAtREAAgECBAQDBAcFBAQAAQJ3AAECAxEEBSExBhJBUQdhcRMiMoEIFEKRobHBCSMzUvAVYnLRChYkNOEl8RcYGRomJygpKjU2Nzg5OkNERUZHSElKU1RVVldYWVpjZGVmZ2hpanN0dXZ3eHl6goOEhYaHiImKkpOUlZaXmJmaoqOkpaanqKmqsrO0tba3uLm6wsPExcbHyMnK0tPU1dbX2Nna4uPk5ebn6Onq8vP09fb3+Pn6/9oADAMBAAIRAxEAPwD9M5MAZ96haQCkupRGCcisS91WOIEs/wCtU3Ys2PPRT1P51i+MPHPhrwD4Y1Lxj4q1JLDSdJt2ubqeToqDsB1JJwABySQB1rBvPF1vCTmUDHvXwB/wUb+P0+qyaV8JtHum+yW3/Ey1EI2RLMeIkYeiDc2D1LqcfLUSmktC4Q5meLftSftR+MP2jPE8kmo3smk+ELKZjpWkKeQv3RK6j70jDqxzjJCgDNeMaPpUWoTi3soZDkrtZhnv19AM+ox61yl1e3BlJZy0nf0H1rb8Oag8cyNNeNkejbce2a5pRdr3Oym4t2R7TbeF4tN0kw6mbloUALeT5URTPXa4CsOO+SKyrHWJNCubWWyv9R/cXCpZ3ylQ8EuNybihGOnDDgEDpwa6fw/dw67pS2sEt1M6x/eJIyfZsH271J4S8HmbSPFUerxTFUtGmtjLl2EyMGDA+ox/nrXNzWlZnbKPu3SPvD9jH9sF/ieU+FfxJuFTxXaIwsr1mA/tFFByrjtKoUntuHOMjLfXqnnFfiXqVxq2heL7PxRod3cWer25hu7a5jOxjKmCpBHXkAg81+uvwH+KFt8ZPhL4a+IsHliXVLNTeRxghYrtCUnQA8gCRXxnnGK7MNV51Y87FUVTd1seg0UUV1HIFFFFAHJ61fiGFjkDArxzxr49j00SfvRkV3fi/UTHaykNggHvXyj451ie81WeNnOxW6VFRtaFRjcl8Q/EzU7l38hyq9AScV+e3xZ8SSeL/E+seLZZTI95fzKjnnbHGxjQD1OFz7Zz3FfXPjLUnsPDmqX8JO+2s5pl9iqE/wBK+N/Cmj6V4lk0TQYbi4a51C6FtL5kgZI5ZJSOBgYGCvGT6nrisG9TphFtaCfDL4NeKPinqKRaZEbWx3hXuZFO38PU19m/Dj9hTwRYpDd6xqN1eTYBbJwCfwAxWh8MtN8NeBGh8HSalZQ3NrtBjkkVGzjrj3r6Z8NqvkxGOVWGOMMCK4KtSpKXZHrUKFKnC61ZV8KfAn4ZaPYQafD4O011iA/eSQK7n3LHmsv4ufBLSdW8PmLw9Atu1oCUt4QER1IO5MDpkE/n7V6xYbRGu5wo9+Ky/EHi/wALaMxg1HxBYxMeCjTKT+VNwTiJVGpaH5teOLEaX4pjspo/LETCJWPQ4/vD+FscHsRz1FfZf/BMrxXc3nhP4heA7hyY/DniZ7i3HG1Y7lSSq47BomOM8bvevLv2uvhbZro9v8W9BvEWMyw29zFGodJ0dsLICPQnqPWup/4JyW+k2PxA8df2XPdB7zT7Ke/huCPkuzJIcR452+U0Zw2SCT2rbCLllr1OXGJTi2tj78ooHSivSPJCiiigDw/xrOwt5cd1r5X8XyBdVmw3BJJr6e8ezJHaSAtztNfJviq88zU5zycORWdU1gcN8RpGk8G68iEgtptyBj18tq+aP2adJttX8XzT30yxwaTf2V8S7gABXcE88D+Ek5HC/SvpPxURdaPfW78rJbupH1Uivh2x8Q674N16fUfDupPZ3ASaEuiqwdGOGVlYFWB44IPIB7VzyTkmkdFKag1J7H6C/GXw14t1uSH/AIRrw1pBgKyma8uNPW5mMoUmNVXjAZsAuScZzjHNavwj0H4i/Dfw5ZeK/E0ypuVXu7S2mlCW6mXYyvG7Mm7lXUoeVPQEGvWvgd4gg8beE9E8RSxRgazp1vflMfdaSNWZfwYkfhW58T4Ibd9N0EIjDVZQoiVcgqpG4kegyPzFcUpvlcWj2KdNXUka/wAVI9Tl8HCbTbS5urgwiRYoblrcMxX5Qzr8wGepGTjOAeleDfB7RfjXH4ul1HUPA/gd1jvlVv8AiVSQyTRF5Q88d0XdsqiQMBIuW80jjYTX1+wht47WKVQY2gRckcfdq1a29tDbFrdEHptFaRW9zK9kjl/GngzTvGuj2miataRtbvN50sPGG2xsOfoSOnPpjivDv2B4tIufjf8AHzVtC8h9Ph8ReTZtCwKeU1xKq+Xt+Upth4I6jB71jftdftC+LPBvirUPhd4Uv7PS/K8INrNxqBWU3LSS3Qt1ghZDiM7CzbiOuwgqV55X/glh4ge2+InxI8M3MgZ9Z06y1eMjo3lSMMj2IuBW1Fe9c4q7vTsj9LskdKdTAcjNKDiu88wdRRRQB82/EFp3glBOAQa+WfF2YdSmX1Oa+sfiDGI4ZOBwDXyb47kH9qy7SOOKxnubRPOvGuqR6boN/ezSBVit3bJOMnFfEN7Kt3dzTBTtDE/hmvfvjx49sr2IeE9N1GNgZf8ATWQ7tu3onHfP6jtXkeoaXpNl4eSRX2XEzHAOcuuO35n8zUdTXldj6v8A2D/jfFJpv/Cq9U1Nba/0yR59MaVzie3dtzxj3RyT/usMDCmvpDxh40s38aQtrfiX+wbuzAhglnhZ4JoyVbcj429eCMg5X0xn8uvBem+ItOu4/HGiTTWjaFKlxHNHkEnIB+q84I7gkEYzX6RfB7xRpHxg0vTb691NdP1S3jRsL83zcZwCc7Tn19s1x4iCjK/Rnq4CqprlnsvyPpTw/wCNPD9/AIJfF1tqcwXYkUABDKCdrKoBbkEdyKtar4w0rwl4Y1DxV4mv107SdNt3uriWY4KRKCTkdd3YAZJOAKg0Hw9ZadEtzc6ubx0BKAJsUE9wMnn3rzf9prwNN8Uvhnq/gs6imnxXEPn+dIT5aNEd6F/9nKgng8c9aycuWxdVQ5mqX4n5t/GD4jXfxP8AjDrvjnUQYjq0hFqjH/U264jjQn/ZjAyR35xzX0h/wTf12HTfj5pqq+99a0290RhtI4RDdh/Qf6gLjryPevm/4v8AwU+Ifwa1q10Lx1pgime38+0u4G8y2vYh8shjkx98YDMhw4yuV5BPr/8AwTs1iKH9pzQNPuDHELgXDIdoHzC1mwF7gndjI64I713WtY81u8ZH7IDAApaOMc0V2HnC59TRSUUAfNXxN1RIbWZy44Br4Y+PfiS903w5f39lOYfPlEDzKcNHGQxYqf7x27QexbPavoj46/EO20ezuArG6mEgi+zQyJ5u4qWGQSMDCk59BXy14l13QfFFrrWj+K9WtdN+wvILdPsLXMU0iEmNsuy7kcKXBaMIUPXcCo5pS1udlKhKcbr+vktevRfqfItxqqEyGAKZM4BJwAff1PtXX/BfwNF8Tvil4d8EazqL2UWvztBFcyKSrOFLLGPQswCD3Yetelx/C/wBo/w/m8ZS+JLGfWpt8S6adIjJglWYqxKkkIcoeQBkuqoGDc8vZ+HbfT7y8uW8TnStV0G4hl077HCSDdwtuVldXBXaQpUjpkkAlWpKolq9jolhJ/Cnd/5Oz9VdrVXX3M/SPwb+yZ4I8P8AhQeHptCikhuozHchh8zKRjBNcpF+wjr/AIQvTqPw88US32kI/mwWbyeVe2gwMqrjiQfewflYDAwxyx9+/Zl+Mdr8dvhZa+IdQgFn4n0t/wCzPEdgYzG1vfIo3OEb5ljkHzpnsSvJU17BagWR8xMKQO5wPzrepShWjZnPTr1MPPTdHkfgzwR4i020t7J9L1S6ugoUyXjMxzjuznA/Ouxn+CD+KrG8sPFupPDZ6hbyW00NocSbHUqcORhTgnsfqK6H4M/Erw78V/Bo8Y+GtRS+sJr25hhuFRl3Ish2cMB/AV9q7suvrWMMHTS11HUx1WT00PNPit8A/hz8W/h/P8PPFOkZsWG62uISBc2c4ztnikYEiQEnk5ByQwIJB/F3wVr1p8HP2orCXTddNzYaBr7x2Oq/ZGVdQgSRhBOiA8LMFUggkBXJGQMV+rH7Zfxd8TeF/BMfhvwOI45tW1CLTb++kk2LGhCyPbrj5gXi3bnH3VO0EOwKfFXj74OTaN460O68d6dZR2e9LexutVheOz2fahFAZGSKN49vLMHjYO0ysQFVpISrNc3KvvLw2HqVKbqp97Lq+VXdu9k7vy2TP1Z0y/h1TTrbUYOYrqFJo+QflYAjp7GrdfmL8K/iJ8f/AAZ8PtR8SeEfEWn6N4b0u4Dhry5luIfNUIgtiJwWKyOCDiNHTf8APLuBx9gfBv8Aafj8ZaTo/wDwsfQP+EavtYaaO0vI2L6dcSRytGYxK2CjnaCAwAIZcHOVFxrKTsRVwFWnHmte2j7p2vZ+dtWldrrY96ooz70VscR+Uni+x1LxnrV2up+RHcTXf7kanpLSIwCb7cqU+dXZlETRqUZk3AnLMT5da+J9E8Q6t4nl8T+Ktct9Pv45NVXTYldlnCNIQj7AsbBG87bJIWILIFb5Xz6RGJ7P7Rr9h4c07UbS3h84yWWpi3NtI155KkuNzzKFgdBEg37X3DG9geOsJtX8F+K7/V/DlxFo4k1P7BeXGuO1z5zyJuk8yGGJ2cieOXaFHJaIo0bLKK4U200tj6CdOEWnK3M1yp9bvVJaSs/Ozsn0vdZcGm6WfhNJ4ksNPeKeS+tlaXVbJZobjZIrK9tfNllkJRUYKRhfmXdtGcTwfpmmeKdcmutb8baRZWs+qG3vRugguRbGRUeXy2DSRRhX5BYJuYhVJUmp18S+NtU03XdLsZ5f7MWc382mwRSW8KF5Gdd4O5ZIgpDbn8xVD9WUkszxPYeHbTw34rN74S1GY+ZFf6ZqqSXKpAxhVo2DNlXZyhVomJaI7lydualbcvT+vwLrwU5+05fe12SdldaWdkmtdNWo6q6St03wn1/4meBvHGn33w2+IeleFZfEdvGupNcToI9Rma6RY4/LuWZJpEMjL8gWRYizkhnIr2bxx8Tv2idc03UNBl+IkkszrPoOqaf/AGWscYlaR4Ch2YIlw6EkOqbjHjAk2V5D4O8efC290fxh458Y/abO+1Kw2aNBbQ7lmu4I4kijcI25n+QKAwTDKWIIIx3vw8sfDF743n8cTXniNBomLjTxcExfZrRLmSOVzLG7yTQiTaqn5gC+woqxAvlXquC5k7LsYQhOM19pvq0ur6PW9u666LQzvgz8Qfj18KvDXiT4eeFvHNzp1xZ+SVktLSPUjaywGKExw27oyyNIAkRCAfvBuJyzbfRvEH7Wf7QcK2/w3tvHLx6xrEscMOsXeixW0jQyXHlhoE8tA0mwuNu3cHQqoIjeWrfiSTT7rxy8+m6te3fmwgWtrOUi0yK63xSxRK0abxMVsxI0LOrbcndtZwvl/wASvFPg+e51eXRNVey1zSNRuoxo8EG2zKvG0RKOQ8ZuSZn/AHuzG471Hyqskwrym03KyKpYaUnNRppvXfZPu7em70T30ODv9K+Hur+D9UuLt9U0nxnoBDywzXUVza3WW2zNdllkZZ0R2Xdv25UhgHVwLOtajpHjHVfA9raePtYvdP1FbGS8Se88yC1kmB2WSq/mxG4ws4jGAxZEAXKnPeaL4Z0XxyPEkmn/ABCg0zREupriSC61FkmLxOTbKbYIieaI1R2aRVb+EfdZm8rs/wCxR9q1jTPEer6rq63k/wBp/s+UqqLNEqtcGSPaYvMDrDlWBYnkMMK1+6peX9f59Tvcqlek05K+l/tJOS0tdXSSjry3Sel2vdNjXdE8DWXwr1W/t9RnsfEmkTW1qdLuZojZPtvDLMlyWciGRclPIEp+VUHLmTb6N4f0u/n+HfgGz8IfEeVYtRS3u719TAeCG52K5W2coEjIkYpsCliN/wA21BXLnTdZ+IWg+JdTHjXQrO+8OX81/a6bqNzbyCOUAMYrUINzAKtspLZDyMT5an5j1/wl0K/fQ/DV9ZaNfatDrz6hcyyW+ppYi8JvBCbdyxIUO0JbMQU7GwwkAFPS+m39f1+gJzlFc7vbezVk2r2V1sknLTbbm7eq+B/jn4/8G6KmkeGfGrataMlvctI9jcX4hlktoWeJXO4JgnJjXaqsW2qowAVyGjQ+KX8P6af7E8QaZchJ1u4tOkF2jTC5mBLEXCCNgAq7MH5VU5+bAK6Y1VZXueZWoQjUa5Y6ep4j4w8P6ZpujXriDzwHsnIlA+dprc3DZZQGIEoDBc7RyMYJzymhWi6p4q0vSr24uZbPU761mlgeZnRWTyU+QMTjcLufd67vrkorJf5nXXjGK0Wyjb/wI3/HnjzxL4d+K0+t+F7uPR7jVbCztbxbaBGjkWcypKQkocISsSj5NoHIAA4p3w00rT/FHhfxmup2duo0PSWMRtoI7cz4aQ4laNQWyY1JIIYnnOQpBRUvWpYh+5gac46Plav1srWPOfh/DPNZX/hi4v5p9Nu7SPUJIZkikKzrqCxK6OyFoyA7HKFTknJKkrWv8bYF8PfBbwDLp010JfEv9ptfObqUE/Zrq38oKFYKAGllkIIOZJZHPzMTRRSn/Hiun/DmVdKOEbjo+Z/lE+kvhFqN3rHhCz8c6rL9r1bWdNe/uZZVBAk/ckKg/gjACrsGFwDxl3LePaIi22np4dtDJFBqNwZr+XznklvG+2JEnnNIWEgQMWUEY3E5yCQSiudaXsd2WJVJw59fejv/AIZ/5Hqvw0+EXgHXvFfxC8PavpN1dQ2i3xSaTUrozFIrmSBELeZggIqDON3yKN20YrxSN7jT77wl4Y0+7uLeHxLrcdrd3SyFrpQ7TRl0lbLbgrHG7coOGxuVSCitoJe78/zBVajlVjzO0eW2u37ub07a66ddTs/h7eWfi7wl8UtH1rQNLaCHTtTv7ZoYTDLaz28pWNopEIZB97cudrbipBUKo0vBdmlv4Y0TSzI0q6pbTeIpZZETfHd/bngfYAAqo6Qx712ncV54JBKKtpc3zZWGnKVKzfSn+R7b4QsE0uwubK1MBjS7kAMljas3YckxZJwOSeSckkkkkoorvot+zj6HiYuEfby0P//Z', '2017-05-14 12:29:44', '222@163.com');
INSERT INTO `user` VALUES ('115', '0f0422eab3dd85f804b4272c1af5e8b5', '', null, '10@qq.com', '0', null, '万军洲', '123456', 'data:image/jpeg;base64,/9j/4AAQSkZJRgABAQAAAQABAAD/2wBDAAMCAgICAgMCAgIDAwMDBAYEBAQEBAgGBgUGCQgKCgkICQkKDA8MCgsOCwkJDRENDg8QEBEQCgwSExIQEw8QEBD/2wBDAQMDAwQDBAgEBAgQCwkLEBAQEBAQEBAQEBAQEBAQEBAQEBAQEBAQEBAQEBAQEBAQEBAQEBAQEBAQEBAQEBAQEBD/wAARCABkAGQDASIAAhEBAxEB/8QAHwAAAQUBAQEBAQEAAAAAAAAAAAECAwQFBgcICQoL/8QAtRAAAgEDAwIEAwUFBAQAAAF9AQIDAAQRBRIhMUEGE1FhByJxFDKBkaEII0KxwRVS0fAkM2JyggkKFhcYGRolJicoKSo0NTY3ODk6Q0RFRkdISUpTVFVWV1hZWmNkZWZnaGlqc3R1dnd4eXqDhIWGh4iJipKTlJWWl5iZmqKjpKWmp6ipqrKztLW2t7i5usLDxMXGx8jJytLT1NXW19jZ2uHi4+Tl5ufo6erx8vP09fb3+Pn6/8QAHwEAAwEBAQEBAQEBAQAAAAAAAAECAwQFBgcICQoL/8QAtREAAgECBAQDBAcFBAQAAQJ3AAECAxEEBSExBhJBUQdhcRMiMoEIFEKRobHBCSMzUvAVYnLRChYkNOEl8RcYGRomJygpKjU2Nzg5OkNERUZHSElKU1RVVldYWVpjZGVmZ2hpanN0dXZ3eHl6goOEhYaHiImKkpOUlZaXmJmaoqOkpaanqKmqsrO0tba3uLm6wsPExcbHyMnK0tPU1dbX2Nna4uPk5ebn6Onq8vP09fb3+Pn6/9oADAMBAAIRAxEAPwD9PZp1uUWdAQrjIBqHJAzjio4JALKFcH7tO3BAztnAGfagBGnjQFpHVVHcnFedfEf4+/C/4XQLP4w8XWNgZlYRK7glmHbArwj9sP8AbE8C/DLw1qXhTT9VWbXLmJoljhb54iQea/G/xj8Q/E/i2+muNb12+vkaRnjE0xcLk9s9KAP0W/aX/wCCnUMrjSfglqrKigrJcPGVww9PWvkHx5+238c/HNsLLUvGt0iIOfJcoTXztPdSkZeQmqzSu/BPGaAPTn/aB+KDW8tr/wAJlqxjmG10a5Yhh+db3w//AGpvin4C3QaT4rvY4SpWONpSwTPU8mvESSTnnNABBzigD7E8Of8ABRT416PqVhLPrhntLU4eAk/vRnnJr7y/Z7/4KDfDv4lW1tp/im/TS9WmcCOJznd9K/EsMQQcYxzxWloWv6no1/FfafdNDPA26OQHlaAP6YtO1Wy1S1W8s5leOVdykHtVlgXGQRX5RfsP/tt+NpfEOm/DjXra41aKb5RKTuI9yTX6o2F6t/aQ3MX/AC1XO3PIoAvwcJg9jRRbnMfXPJooAntkBsofdaqa5fQaXpk97cuiQwKWdnIA6dOau2v/AB5wDvtrx79rfXx4W+BXibXfIMrQQEKoO35iMDJoQM/KD/goH8UfBfxC+JzL4b0iG1ubUtHPNEBiQjPOQTXyDO5KAqhwBzW34lvJdQ1ie8l6yylyd2SCTzWXDatcT+VExYSEhRQBmsWfoDQsUpGVQke1ew/D39nrxd4uuYlXTpVicElip6V7x4W/YW1W4uLP7QsgWQncAlAHxP5cvOEJwcHigxTAEmJsCv000v8A4J6aX9h3SQSOXb5tyV0Wn/8ABPLw8ti6NpgkMikcjBB7UAflPhsAkYB70qg/dQHNfa/7RP7GE3gLR4LjQ9NnLKjSzgKTjnAAr5X1n4da/wCHWb+0LGaHC78spxQBV8C+LtY8Fa9a6xpF28VxbSB/kcqSO4yK/bH9h/4/at8YPBKL4gis4LiyConl3AdyMfxDrX4aJEF+aQc5AyOtfef/AASu8aR6d8YbjwtNHvTUrYtGVfBDL60AfsDAw8vIHDcjFFOt0cR4xnHFFAE9oQLWBjwAtfJP/BUCW4g/ZnvZIXlRXv4I5PLYjIJPX2r61tWX7JArc/LxntXzr/wUC0CTxF+y54vt7a3a4lto47pQozjYeTQgZ+EdygeYgADJ+bHavQ/hF8OL3xRqtlLbWzPAlwCzY7Zrg5IJFvEjCnLkAg9a+8/2Z/Cdh4f8A6fqN7bKJpSX9z6UAfTfwZ+HOl2Ol2kptEWQIFPA5r6B0HwzYQRLJ9kXcp+XivB/C3xE0/R4IVlixHGctnsK9R8I/Hr4aaxcLpkOuIl5u2lGUgZ+vSgD1S3023CBDAAOtWktIMFI4Ux24qOx1KzvIfMt7hHTHVTSy6lY2MbXF3dxQoOSzuB/OgDlPG/gTSfFUT22oW6mOTG4Y445Ar5E/aW/Z20+48MambC0QvtJVxGMqMdq+uL74tfDye6On23ivT5boHaYklBbNct441TQ9dsXsMq3mKfvc5oA/BzxJoU2k6tNYPlXt5WUrt+9ivtn/glD4Z07Uvi/qupzCI3mn2G6BJFJPJ5INeD/ALWng248PfEq+aG3KRzsWXaMDmvqT/gkPbXA8VeM75FJjisYEL46EtyAaAP1StmSKPYxwc8/XFFRQsWTcrLg9OKKAHW4xbW5K5GyvOvj+NGk+FXiPT9XvzaQ6nZyWqZ5G9hgcV6PB/x62/8AuV49+0/4b1HXfhtNPpUHnT6fcx3WwjIYA8jFCBn4ofFf4L+MfhX4mt7fX7bfDdESWtynKSKTxk+tffnwh8EyyeBdHaQA7baNzH7kVT/a1tbDxn4K0rSrfR4mvoLi1c3Gf9WmV3DHXHWvbPg3bW6WVnY+QqBYY1UKOMBaAPLdb8XXXhO8urbQfh9Jr81pCZpQ52jA6gA/e/Ctz4S61f8Axc0NfEOpfCA+GrXzzbpJs2MXHfH3vxr6Wb4baVcSpqSWiGQZ+fGDzVm08NRaYGaC3kVQSQu75c464oAx/hpBdabcT6XNNIQnCgnJA+tM+JHh9tZzHdGZreIZeNCcuPTik8P3ph193ZmEjMcgmu31SHz5VYv8rjBHSgD4uk+I9h4Y+KsXw2sf2f2nvZBvhuWG13X+8WPAr2bwhe6Z4uWSZdHuNPuoHMbwSqfkI6gev1r06HweRqpu2RjIwwJeMhfTPWunsfDen2ETNDbRh35LBRnP1oA/LT/gol8OrrTfEOlana2ckiX6+WNvGXyAAK+nv+Ca/gK2+H3wy1Oy1AW0WvXl0k1ykUmXWPHyhquftoeFbLW9M8NvcW7ytZ6xC6lRnau7kGvTPhF4bisPH2ta5p8Jjtbqyt0wFABYKOcUAe+wKojx6HFFR2pAi5bJyeaKAHQf8elufRKiura3vbWS1uRlJAVdSMggipYDiygBHJXigZByQDk49xQgZ8ZfGXwPd2etajplpbhcKDGzR/Ky5yPxrY+GLNaC1ZivmRYRsetfSnijwdpPihUOoowdTjeuASK8J1vw23grxfLpyAi2dw8bH0oA9t0fUVuYUQOBjrS+JdSj07SJ7lio2ISDXFaJqywKzrMpHTmo/EfinTru3S2nu44o3GGaSQKP1oA47w/q1jceJ1d9WhZ3OSofp9a9Y8Q6npVpa20j6jChbAQlhgmvL9K0TwFc380UWr2YnkGG8uUc59DXWW/h/wADWMEUV3dwSyRnKRy3AYnHegD0HSL37XEqyYDKByO4qbUL5IFwpFc3ba9ZlhBayxswAA2tnAqDUtQJBZpOBQBynjTRB4quEjljV4oZhKVPOSK9D8G6RHplgH2hWmGSfp0FUPDeiySf8TCUo0bnG0jrXVBVTdgbQOFAoAv2gBh+93NFFi6iDGe5ooAIji0tj2CU8Z6gVHGw+w2/PRaUvgjHQ+tCBgy5b5uMg8VwPxe8PW15oE2t4CTWCiQt7Cu8MoA8wSqGTsT2rwb9or4kwWuljwtYSrvlcGaRW4Kn+GgDmfDmtLJIgkm3RS4bOah+IXhXS/E9iohSUtHlsK5HP4V5la6he6XGlxDIxhJyRn7tdv4U8c6W+w3c6gZwQT1oA5nRvAXhLTo2k1iw1NJ2YESW8zgjHvW3P4D8La68Lad/bRl6M011IOK9k0rW/Cd1bq48jJHcA1fuNe8J2MR2PApI6gAYoAw/BnhvTfDNkggEwYLnfJIX/nV2zu28QarHp9uctuJYjpiuI8S/EqxRG03SpvOndto2HOM1H4T8SSeH9e0ma9Yh9Sn+z4H949qAPouzgjgtxAhwEG3H9aldlC4zVe3njkhEkaElutSSOuOTQBfs2Hk/jRUNiA0Gc/xGigC1eqtvciCFQqegrP1Od7e0eZDlkBIz0oooA8Q8Y/EnxV9taxjuo4oduMImOvvmvnn4/TzwaFoGoRzyefcazbJIxb7ymQZFFFAHR2cEU2nASICG5I/Csa90LTvmZI2jI5yjYoooA4zVda1jR5mWx1S5RV6Avmsyz8T+IdWvEjvdYumUtggPjNFFAHtHw90TT2ZZ3jLSNjLMck11viG2hl8d+CYWTCpqSsAOOQvFFFAHuv265tZVWF8Adq10nkcAsQcjNFFAGlp7sYP+BGiiigD/2Q==', '2017-05-14 12:30:21', '10@qq.com');
INSERT INTO `user` VALUES ('116', 'e94656cb82a8f7228e13e1d9d56fb101', '', null, '11@qq.com', '0', null, '梁早清', '123', '/weibo/resources/img/default_portrait.jpg', '2017-05-14 12:34:01', '11@qq.com');
INSERT INTO `user` VALUES ('117', '17a2366b6f5c82124744adbdbdfd3932', '', null, '382510864@qq.com', '0', null, '1234', '12', '/weibo/resources/img/default_portrait.jpg', '2017-05-14 17:16:22', '382510864@qq.com');
INSERT INTO `user` VALUES ('118', '5b36a6eff895d30deaf8ab09e37244b0', '', '1996-08-22 00:00:00', '1454383630@qq.com', '1', '', '粽子呀', '53245324', 'data:image/jpeg;base64,/9j/4AAQSkZJRgABAQAAAQABAAD/2wBDAAMCAgICAgMCAgIDAwMDBAYEBAQEBAgGBgUGCQgKCgkICQkKDA8MCgsOCwkJDRENDg8QEBEQCgwSExIQEw8QEBD/2wBDAQMDAwQDBAgEBAgQCwkLEBAQEBAQEBAQEBAQEBAQEBAQEBAQEBAQEBAQEBAQEBAQEBAQEBAQEBAQEBAQEBAQEBD/wAARCABkAGQDASIAAhEBAxEB/8QAHwAAAQUBAQEBAQEAAAAAAAAAAAECAwQFBgcICQoL/8QAtRAAAgEDAwIEAwUFBAQAAAF9AQIDAAQRBRIhMUEGE1FhByJxFDKBkaEII0KxwRVS0fAkM2JyggkKFhcYGRolJicoKSo0NTY3ODk6Q0RFRkdISUpTVFVWV1hZWmNkZWZnaGlqc3R1dnd4eXqDhIWGh4iJipKTlJWWl5iZmqKjpKWmp6ipqrKztLW2t7i5usLDxMXGx8jJytLT1NXW19jZ2uHi4+Tl5ufo6erx8vP09fb3+Pn6/8QAHwEAAwEBAQEBAQEBAQAAAAAAAAECAwQFBgcICQoL/8QAtREAAgECBAQDBAcFBAQAAQJ3AAECAxEEBSExBhJBUQdhcRMiMoEIFEKRobHBCSMzUvAVYnLRChYkNOEl8RcYGRomJygpKjU2Nzg5OkNERUZHSElKU1RVVldYWVpjZGVmZ2hpanN0dXZ3eHl6goOEhYaHiImKkpOUlZaXmJmaoqOkpaanqKmqsrO0tba3uLm6wsPExcbHyMnK0tPU1dbX2Nna4uPk5ebn6Onq8vP09fb3+Pn6/9oADAMBAAIRAxEAPwCjFY/Nzg4rc0PTYZLwCRAcDKg9CangsD12j1zir0VoyEFflweCOMV9pJc0Wj9MlJRlc1UsFZcOq47+lczc6bGJ3EX3Ax25NdATcSx+VNO7DuM9aVdNyMHiuelD2O7OHFVlM5r+zwVxjkVIunZx8p6Zrp101VH3eB14rx34lfEWeKSfSNEmNrbxFo5LhD+8lI7IR90e45+ldNJOrK0TzOSpiJcsDS8S+N/DXh4PAZ/td4hK+RDgkMOzN0H8/avL9R+NOtpcyC2t7MKGO2JULbR6Fs8n8voK5byrm83hB5cY6rn5mX1NdN4L+Fms+OJxHawCGyjcefdyKdiH0X+8/sOnGSM13+wpU03I6ZYbD4aLdXU6D4aeM/HXjnWHhm0/TU0y2UNdS+S6upOdqqd+Nxwe3GD7A+nS2HONv51teFvAemeD9Hj0XSYn8tSXeSTlpHPVmPrwB9AB2rQfS+DlcelefKpGUvdVkfK43EU5zcqcbR6HGNphIOV96pz6ceV8vI9T6V20+mkdjjNUp9Ob+6RxTPJnV5jh30whjgED0orqpNM3NkriindnN7W3U6uCxIUALWvb+HruRQ6w474LV0Fp4cVJEkaTdg5PHFb0NmqDkKCOtefUxHY/Y3QTu5nAnTXikKyxkMOx7VZWzPAC1v6nHDLcgJg7QFJHc1ELQZwAM/SnzOS1PHrJKVkecfFu+udD8FXElpvWa5ljtw6tjaCctz7qpH4184Wmk6pr98YLWxlvLuZmxFDGWbAPZR0AGP6+tfZ+qeGtK1y2S11iwhu4kcSKki5G7BGfyJ/OnaP4V0Pw+kiaPpNtZrM26TyYwpY+9dlDFKjGyWphTx0cNTcUtbngfgv9njUvtdtqniu5it443DtZRgSNIvdHcHCg9Dtzx3Br3KPw5YaRawW2k2yRWATECIuAmOq8dwevr171tLajOdvXtRc22qEW0djfrBElwJJlZC4kXaVK4zjHI6jtxtOGHLiK9Sp7z18jyK2IeLnatKy6eX3dzDWwOD8px7ikfT1JHGPb1rrx4VC2/wBu0y6mvoiAJN5G9COxUYA+oFUWstxP09KypVY1FeLPBxlOdKXLNenZ+hysulkEsBkZ71Tm0pM4C4+tatzq5TVIvD9lYXWo6hJGzPb2MasY1w3zu7lUQfI2CW54A5OK5W88ReIdD13+yNb0yEQpA8twof8AexyY3JECTtLEA5yQASBnkVH9oUoy5ZSsxrJ8bWp+0pwul/Wncll0rMh6D24oq/p2qaPrNomoRTCFXyPLuCFkXB7gHHPUY7EUV1rE0/5keROlWhJxlFpryZ6Kl1ZRKD5oOOir1/8ArVmvvuJnkJYB2Jx7VpxeHGEZYTAtjuuBUS27RsY8EMOCPeuSEodGfr2Kqze5XS2AOe9WEt1Bzjge1WYoO2OnXirCW0Y5HNDqdjx6tQqrbZHHTtThajgfoDV1LcEEdx0xUiWw67SD2zUcz7nmVplNLRSCTz9TT1tBnqcZq8IGApVhJJyBx2zS52edWdkVbc3NhKJ7OXyXGM4GQw9CO4/yMVoww6Zr22KeNNP1D1H+rm9wPX26/Uc1W8knHA55zmmyxHyyEUbjwN3TNZVKPO+em+WXf/Puc0cb7Neyqrmh27ej6HLar4euvDet3t/4XRbrUbgrazRQsqJNkodzswXLqCMAvgA9CWOfJPid8HPjGdEvfHi28TABjNbGVp70RgjLmNFKuAEX5QSQMYHaqc1/rkjKL+/umntJ2dN0hDQSbtxK7cYIbnI5z3r1Xwp+0hqV/dW+m6x4PvtRht5IrfWdTtD5iwxvuVZ2hA3feA3BcjaJG+XAU8eMwOJoyWIppSfXTt8z6fCZhChD2MX7vm/wv+R8/wCk+N7iysUtdT8QW8MseQNlzMA6/wB77vPOR+FFTfGD9lvxcfiFq154X+2Xej30v2qxNvEHWKN+TEeMDY25QB/CFoq6NLDTpqXtrX6HRVxeF53zQTfofXqyRRxqd27K5ULySKzGBlnecj7xzgV1lraT3TlZrVFjAwD3Yf0rVstFsYOY7dBk/wB3P61pGoobo9GspVNLnN6L4dmvyZZw8UJ6HHLGung8L6XHH5bQb+5J6/nWrHFtG0AcelWkh444rnnWcjmVKEdLXMr/AIRbSJVCfZsEn+EkGr9r4P0VR89kpJ9STWpaQgAMeSKubedwA6+tc8qsnszjq8l9EjDfwhokymP7KFB4DLnI/Gs3VPBcCRIbQDajZYhfmIrrwMUOSUKqueKSryg7pnJVpU5ppo8p1XSf7OkCASMpAyXXHNUkg3EKgLnsFByTXeavoGqa7PuSEQwxfKokOCeeSOK2tK8KaXp7RzJbAzoBl2yTn156V2/XVCCvqz56pgZVqr5NI+Z8CfERf+Ef8X6zp8l5MTDcySSNIrKFBOcYAwSM4IHp71t/BHxb4W8NXWoaBqEctnc6lcCc3c5TYgCALEz9h95hyRl2zt7+n/tY/D1vD2rwfE+w806fqcsdnqa4ysNwQqRSE9lfAT03Y6lwB8zf2VHbxXtyhffIcRpuJCKoAAH45/P2r3qFWOMoJ9/zOnEYeNal7Kbfr6H19puu3SQMdF8QRm3dy3yskqhsAEAnOBx0HfPrRXxhBDPbR+V9rkBBJPz9yf8AIorz55Jh5SbcV9xzRp4ymlGNZ2Xkfohbxbia0IUKCq8aAEFasxtghSM15Lkfezm3qWoh6c1ZjXLZPFQQ4B5FWox/eH0rGUrnNOppoWIzjNTx7jjjioFP97irCFWHHSs27HHKVh6qWbGDVpUVQOBmo41UdDUqnHOc1k5W0Oac77DgMHLflUiqW/CmqCeSRUgGeM8U1dbnLKp2MrxT4Y0fxp4c1Pwlr1r5+m6tbSWdzHnkxupBIPYjqD2IBr80/iL4b8VfAvxReeDvGkdxd6Zby7rPVVjJLW5P7t3AzkEDG4E4IIPINfqMoC9Bz1rgPjN8JtJ+LXhOXSLpIYdSt8yadeumWgk7qT12MOGH0OCVXHbl2ZfVqnJP4H+HmZqaSs9j867S4069i+12syyRTHerp8ytwOQQaK6DVP2SPHtrqVzBcI2gOsh/0aLWFiicdpEVFZdrexHIIIBBFFfQSzXBRdnVj95awqlqn/X3n3EtyuAobJ6VZikyeRx7Vz8V0EXdI2CecHir9veox2qwY4r5qV0e9Osk7HQW8ytkdx/KrXnBQMmsGOYqA5zUy3pxjdjHrWbTOWc7bm5Hcqx4PTtVuOcDkn8a55b1cfKeKkTU4kyTJz1qGpdDjqVEtzpUnXpk1Zjccbq5mLXIlH3+ferA1hNu8yDFLl5dTllWi9mdEJlzyRUqSxjnIzXMLrsIPzSfrmpk12F+FkXP1rKopvoYe1h3Ojab5flP41G8xIABrBOsovLSDH1/+vR/bEbgbX/WsuVohyUtLmjcpaTSbpbeKQgYyygmisg6vGOKKXL5Be2zPLbxyYw5AyGwKsabIwd27rgCiivXfwHsz/io2fOfJHFEbsCV6j3oorniRUexM0jI5jU4G2qSzSMzAnoTRRWsDzcQKJXJwT1Gf0rRgiDw7yzZIzRRTnsed1+RTaV+RnpUYmkU7g3NFFapI5Z7IrXN9c4I8zgDIrPl1K9jbKTsCDjrRRTcVe1jncnzblaXWdTLZ+1uOO2KKKKOSPYTqTvuf//Z', '2017-10-09 21:19:02', '1454383630@qq.com');

-- ----------------------------
-- Table structure for `userrelation`
-- ----------------------------
DROP TABLE IF EXISTS `userrelation`;
CREATE TABLE `userrelation` (
  `userRelationId` int(11) NOT NULL AUTO_INCREMENT,
  `concernedUserId` int(11) DEFAULT NULL,
  `fanId` int(11) DEFAULT NULL,
  PRIMARY KEY (`userRelationId`)
) ENGINE=InnoDB AUTO_INCREMENT=53 DEFAULT CHARSET=utf8mb4;

-- ----------------------------
-- Records of userrelation
-- ----------------------------
INSERT INTO `userrelation` VALUES ('3', '1', '3');
INSERT INTO `userrelation` VALUES ('4', '1', '4');
INSERT INTO `userrelation` VALUES ('5', '1', '5');
INSERT INTO `userrelation` VALUES ('6', '1', '6');
INSERT INTO `userrelation` VALUES ('7', '1', '7');
INSERT INTO `userrelation` VALUES ('8', '1', '8');
INSERT INTO `userrelation` VALUES ('9', '1', '9');
INSERT INTO `userrelation` VALUES ('10', '1', '10');
INSERT INTO `userrelation` VALUES ('11', '1', '11');
INSERT INTO `userrelation` VALUES ('12', '1', '12');
INSERT INTO `userrelation` VALUES ('13', '1', '13');
INSERT INTO `userrelation` VALUES ('14', '1', '14');
INSERT INTO `userrelation` VALUES ('15', '1', '15');
INSERT INTO `userrelation` VALUES ('16', '1', '16');
INSERT INTO `userrelation` VALUES ('17', '1', '17');
INSERT INTO `userrelation` VALUES ('18', '1', '18');
INSERT INTO `userrelation` VALUES ('19', '1', '19');
INSERT INTO `userrelation` VALUES ('20', '1', '20');
INSERT INTO `userrelation` VALUES ('21', '1', '21');
INSERT INTO `userrelation` VALUES ('22', '1', '22');
INSERT INTO `userrelation` VALUES ('23', '1', '23');
INSERT INTO `userrelation` VALUES ('24', '1', '24');
INSERT INTO `userrelation` VALUES ('25', '1', '25');
INSERT INTO `userrelation` VALUES ('26', '1', '26');
INSERT INTO `userrelation` VALUES ('27', '1', '27');
INSERT INTO `userrelation` VALUES ('28', '1', '28');
INSERT INTO `userrelation` VALUES ('29', '1', '29');
INSERT INTO `userrelation` VALUES ('30', '1', '30');
INSERT INTO `userrelation` VALUES ('31', '113', '1');
INSERT INTO `userrelation` VALUES ('32', '5', '1');
INSERT INTO `userrelation` VALUES ('33', '6', '1');
INSERT INTO `userrelation` VALUES ('34', '3', '1');
INSERT INTO `userrelation` VALUES ('35', '2', '1');
INSERT INTO `userrelation` VALUES ('36', '4', '1');
INSERT INTO `userrelation` VALUES ('37', '1', '111');
INSERT INTO `userrelation` VALUES ('38', '111', '1');
INSERT INTO `userrelation` VALUES ('39', '1', '2');
INSERT INTO `userrelation` VALUES ('40', '7', '1');
INSERT INTO `userrelation` VALUES ('41', '1', '114');
INSERT INTO `userrelation` VALUES ('42', '3', '114');
INSERT INTO `userrelation` VALUES ('43', '8', '114');
INSERT INTO `userrelation` VALUES ('46', '113', '114');
INSERT INTO `userrelation` VALUES ('47', '5', '114');
INSERT INTO `userrelation` VALUES ('49', '7', '2');
INSERT INTO `userrelation` VALUES ('50', '8', '2');
INSERT INTO `userrelation` VALUES ('51', '12', '1');
INSERT INTO `userrelation` VALUES ('52', '116', '1');
